approve,id,kc_id,stem,a,b,c,d,answer,explanation,note
,it.orient.mesopotamia_dynasty_order.1,kc.orient.mesopotamia_dynasty_order,"古代メソポタミアを支配した勢力を、古いものから順に並べたものはどれか。","アッカド → バビロン第1王朝 → カッシート → アッシリア","バビロン第1王朝 → アッカド → アッシリア → カッシート","アッシリア → アッカド → カッシート → バビロン第1王朝","カッシート → アッシリア → バビロン第1王朝 → アッカド",a,"アッカド王国（前24世紀）がシュメールの都市国家群を初めて統一し、次にバビロン第1王朝（前19〜前16世紀、ハンムラビ王）が興った。ヒッタイトの侵入で同王朝が滅んだあとカッシートが約400年支配し、最後にアッシリアが前7世紀にオリエントを統一した。","山川『詳説世界史』第1章"
,it.orient.egypt_kingdom_periods.1,kc.orient.egypt_kingdom_periods,"次のうち、新王国時代の出来事はどれか。","ギザの三大ピラミッドが築かれた","アメンホテプ4世がアテン神の一神教への改革を行った","メンフィスを都として最初の統一王朝が成立した","テーベを都として中王国が成立した",b,"アマルナ改革（アメンホテプ4世＝イクナートン）は新王国第18王朝の出来事である。ギザのピラミッドは古王国、メンフィス遷都は初期王朝〜古王国、テーベの中王国はその名のとおり中王国。中王国末期にヒクソスが侵入し、これを撃退して成立したのが新王国である。","山川『詳説世界史』第1章"
,it.orient.assyria_vs_achaemenid_rule.1,kc.orient.assyria_vs_achaemenid_rule,"アッシリアとアケメネス朝の統治の違いとして正しいものはどれか。","アッシリアは服属民を強制移住させる強圧策をとり、アケメネス朝は貢納を課す一方で諸民族の宗教や慣習を認めた","アッシリアは各州にサトラップを置いたが、アケメネス朝は属州を置かず直轄支配のみだった","両者とも被支配民の宗教を弾圧し、唯一の神の信仰を強制した","アケメネス朝はアッシリアより短命で、オリエントを統一できなかった",a,"サトラップ（知事）と「王の目・王の耳」、王の道はアケメネス朝の制度である。アッシリアは強制移住と重税で服属民の反発を招き、統一から約60年で崩壊した。これに対しアケメネス朝はダレイオス1世のもとで寛容策をとり、約200年続いた。","山川『詳説世界史』第1章"
,it.orient.east_med_three_peoples.1,kc.orient.east_med_three_peoples,"東地中海の3民族についての説明として正しいものはどれか。","フェニキア人は地中海の海上交易で活躍し、その表音文字がギリシア文字の起源となった","アラム人は地中海の海上交易を独占し、カルタゴを建設した","ヘブライ人は内陸の中継交易を担い、その言語が国際商業語となった","フェニキア人は唯一神ヤハウェを信仰し、のちのキリスト教の母体となった",a,"海上交易・カルタゴの建設・アルファベットの起源はフェニキア人、ダマスクスを拠点とする内陸の中継交易とアラム語の国際商業語化はアラム人、ヤハウェ信仰の一神教はヘブライ人である。bとcは役割の入れ替え、dは宗教の取り違えにあたる。","山川『詳説世界史』第1章"
,it.orient.hammurabi_code_principle.1,kc.orient.hammurabi_code_principle,"ハンムラビ法典の特徴として正しいものはどれか。","同害復讐を原則としたが、刑罰は被害者の身分によって異なった","身分に関わらず、すべての人に同じ刑罰を科した","復讐を禁じ、賠償金の支払いのみを認めた","神官にのみ適用され、一般の市民には適用されなかった",a,"「目には目を、歯には歯を」の同害復讐で知られるが、貴族・平民・奴隷で刑罰が異なり、身分の低い者が被害者の場合は賠償で済むこともあった。「同害復讐だから平等」ではない点がよく問われる。","山川『詳説世界史』第1章"
,it.rome.christianity_official_steps.1,kc.rome.christianity_official_steps,"キリスト教をめぐる出来事を、古いものから順に並べたものはどれか。","ミラノ勅令 → ニケーア公会議 → 国教化 → エフェソス公会議","ニケーア公会議 → ミラノ勅令 → エフェソス公会議 → 国教化","国教化 → ミラノ勅令 → ニケーア公会議 → エフェソス公会議","ミラノ勅令 → 国教化 → ニケーア公会議 → エフェソス公会議",a,"ミラノ勅令（313年・公認）→ ニケーア公会議（325年・アリウス派を異端）→ テオドシウス帝による国教化（392年）→ エフェソス公会議（431年・ネストリウス派を異端）→ カルケドン公会議（451年・単性論を異端）。公認と国教化は別の出来事で、その間に約80年ある。","山川『詳説世界史』第2章"
,it.greece.polis_formation_causes.1,kc.greece.polis_formation_causes,"古代ギリシアで統一国家が生まれず、ポリスの分立が続いた要因として最も適切なものはどれか。","山がちで平地が分断された地形のため各集落が独立を保ち、増えた人口は植民市の建設で外へ向かったから","大河の治水に強力な王権が必要だったから","ペルシアの直接支配を受け、統一を禁じられていたから","貨幣が普及せず、交易による結びつきが生まれなかったから",a,"地形による分断と、人口圧をマッサリアやネアポリスなどの植民市で解消したことが分立の背景である。bは大河のあるオリエント（エジプト・メソポタミア）で強大な王権が生まれた理由であり、ギリシアには当てはまらない。ペルシア戦争ではポリス側が勝っているためcも誤り。","山川『詳説世界史』第2章"
,it.greece.athens_democracy_steps.1,kc.greece.athens_democracy_steps,"陶片追放（オストラキスモス）の制度を定めた人物はだれか。","クレイステネス","ソロン","ドラコン","ペイシストラトス",a,"ドラコン（慣習法の成文化）→ ソロン（財産政治・債務奴隷の禁止）→ ペイシストラトス（僭主政）→ クレイステネス（デーモスにもとづく10部族制・陶片追放）→ ペリクレス（民会中心の民主政の完成）の順である。陶片追放は僭主の再出現を防ぐための制度だった。","山川『詳説世界史』第2章"
,it.greece.athens_vs_sparta.1,kc.greece.athens_vs_sparta,"スパルタの社会についての説明として正しいものはどれか。","被征服民であるヘイロータイに農耕を担わせ、市民は軍務に専念した","すべての住民に参政権が与えられ、民会が最高機関だった","商工業と海上交易で栄え、多数の在留外国人を受け入れた","ペリオイコイは市民権をもつ完全な支配層だった",a,"スパルタはリュクルゴスの制のもと、少数の市民が多数のヘイロータイ（隷属農民）を支配したため、反乱を抑える必要から厳格な軍国主義をとった。ペリオイコイは周辺民で商工業に従事したが参政権はない。cは商工業と在留外国人（メトイコイ）で栄えたアテネの説明である。","山川『詳説世界史』第2章"
,it.greece.persian_war_to_peloponnesian.1,kc.greece.persian_war_to_peloponnesian,"ペルシア戦争の勝利がペロポネソス戦争を招いた過程の説明として正しいものはどれか。","アテネがデロス同盟の資金を自国の再建に流用して同盟を帝国化し、これを警戒したスパルタと衝突したから","ペルシアがアテネと結んでスパルタを攻撃したから","ペルシア戦争に敗れたスパルタが、アテネへの復讐を企てたから","ペルシア戦争でアテネが敗北して同盟から脱退し、指導権を失ったから",a,"デロス同盟はペルシアの再来に備える軍事同盟だったが、アテネは金庫をデロス島からアテネへ移し、パルテノン神殿の再建などに流用した。この帝国化がペロポネソス同盟（スパルタ）との対立を生んだ。ペルシア戦争はギリシア側の勝利なのでcとdは前提から誤り。","山川『詳説世界史』第2章"
,it.greece.hellenistic_kingdoms_geo.1,kc.greece.hellenistic_kingdoms_geo,"ヘレニズム3王国と、その支配領域の組み合わせとして正しいものはどれか。","セレウコス朝＝シリア、プトレマイオス朝＝エジプト、アンティゴノス朝＝マケドニア","セレウコス朝＝エジプト、プトレマイオス朝＝マケドニア、アンティゴノス朝＝シリア","セレウコス朝＝マケドニア、プトレマイオス朝＝シリア、アンティゴノス朝＝エジプト","セレウコス朝＝エジプト、プトレマイオス朝＝シリア、アンティゴノス朝＝マケドニア",a,"アレクサンドロス大王の死後、帝国はディアドコイ（後継者）戦争を経て3王国に分かれた。セレウコス朝はシリアを含む西アジア、プトレマイオス朝はエジプト（都アレクサンドリア）、アンティゴノス朝はマケドニア本土を支配した。プトレマイオス朝は前30年にローマに滅ぼされ、ヘレニズム時代が終わる。","山川『詳説世界史』第2章"
,it.rome.plebeian_rights_causes.1,kc.rome.plebeian_rights_causes,"ローマで平民が貴族から政治的譲歩を引き出せた最大の理由はどれか。","平民が重装歩兵として軍の主力を担うようになり、その協力なしに戦争を遂行できなくなったから","平民が貴族より人口で上回り、多数決で決定できたから","ギリシアの民主政を模倣するよう周辺国から求められたから","貴族が農業を捨てて商業に移り、政治への関心を失ったから",a,"ローマの対外戦争の拡大とともに、武具を自弁できる平民が重装歩兵として軍の中核を占めた。平民会の設置と護民官（前494年の聖山事件）、十二表法（前450年頃）、リキニウス=セクスティウス法（前367年）、ホルテンシウス法（前287年）という譲歩は、この軍事的な必要から引き出されたものである。","山川『詳説世界史』第2章"
,it.rome.gracchus_to_principate.1,kc.rome.gracchus_to_principate,"共和政ローマが崩壊し元首政へ移る過程の説明として正しいものはどれか。","長期の従軍と属州からの安価な穀物で中小農民が没落し、無産市民が私兵化して有力者の抗争が続いた末に、オクタウィアヌスが権力を握った","属州の反乱で領土を失い、財政破綻から皇帝を立てざるをえなくなった","元老院が自ら共和政を廃止し、皇帝に全権を委ねる法を制定した","ゲルマン人の侵入を防ぐため、軍が非常時の独裁官を常設化した",a,"ポエニ戦争後、中小農民の没落（ラティフンディアの拡大）が軍の担い手を失わせた。グラックス兄弟の改革は挫折し、マリウスの兵制改革で無産市民が私兵化する。三頭政治を経てアクティウムの海戦（前31年）に勝ったオクタウィアヌスが、前27年にアウグストゥスの称号を得て元首政を始めた。","山川『詳説世界史』第2章"
,it.rome.principate_vs_dominate.1,kc.rome.principate_vs_dominate,"元首政（プリンキパトゥス）と専制君主政（ドミナトゥス）の違いとして正しいものはどれか。","元首政は共和政の制度を残し「市民の第一人者」として統治したが、専制君主政は皇帝崇拝を強制する公然たる専制だった","元首政は世襲制で、専制君主政は選挙制だった","元首政では元老院が廃止されたが、専制君主政では復活した","専制君主政はアウグストゥスが、元首政はディオクレティアヌスが始めた",a,"アウグストゥスは共和政の外形を保ち、自らをプリンケプス（第一人者）と称した。3世紀の危機を経てディオクレティアヌスは四帝分治制を敷き、皇帝崇拝を強制して公然と専制君主として振る舞った。dは人物と制度が逆である。","山川『詳説世界史』第2章"
,it.india.indus_vs_aryan.1,kc.india.indus_vs_aryan,"インダス文明とアーリヤ人の社会についての説明として正しいものはどれか。","インダス文明は計画的な都市と未解読の文字をもち、その衰退後に中央アジアからアーリヤ人が進入してヴェーダの社会を築いた","インダス文明はアーリヤ人が築いたもので、ヴェーダはその都市で編まれた","アーリヤ人が先に定住し、のちにインダス文明の都市が建設された","両者は同時期に並存し、インダス文字でヴェーダが記された",a,"モエンジョ=ダーロやハラッパーの計画都市は前2600年頃からで、インダス文字はいまも未解読である。前1500年頃に中央アジアからアーリヤ人がパンジャーブ地方に進入し、『リグ=ヴェーダ』を残した。両者は担い手も時期も異なる。","山川『詳説世界史』第3章"
,it.india.varna_jati_structure.1,kc.india.varna_jati_structure,"ヴァルナとジャーティの関係の説明として正しいものはどれか。","ヴァルナは4つの身分の枠組みで、その内側に職業と結びついた多数のジャーティが存在する","ヴァルナとジャーティは同じものを指す別の呼び名である","ジャーティが4つの大区分で、ヴァルナはその下位の職業集団である","ヴァルナはイギリス統治下で作られた区分で、それ以前には存在しなかった",a,"ヴァルナはバラモン・クシャトリヤ・ヴァイシャ・シュードラの4身分。ジャーティは出生と職業に結びついた集団で、数千に及ぶ。この二重構造をポルトガル語由来の「カースト」が一括して呼んだために混同されやすい。","山川『詳説世界史』第3章"
,it.india.new_religions_vs_brahmanism.1,kc.india.new_religions_vs_brahmanism,"仏教とジャイナ教に共通する、バラモン教への批判点はどれか。","ヴァルナによる身分の区別と、いけにえを伴う祭式の権威を認めなかった点","唯一神の存在を否定し、無神論を唱えた点","文字の使用を禁じ、口伝のみを認めた点","王権を否定し、政治への関与を拒んだ点",a,"両者ともクシャトリヤやヴァイシャの支持を得て前6世紀頃に成立し、バラモンの祭式至上主義とヴァルナ的身分秩序を批判した。不殺生（アヒンサー）も共通する。相違点は苦行の位置づけで、ジャイナ教は徹底した苦行と不殺生を求めるのに対し、仏教は中道を説いた。","山川『詳説世界史』第3章"
,it.india.maurya_kushana_gupta.1,kc.india.maurya_kushana_gupta,"インドの王朝と宗教政策の組み合わせとして正しいものはどれか。","マウリヤ朝のアショーカ王は仏教に帰依し、クシャーナ朝のカニシカ王は大乗仏教を保護し、グプタ朝ではヒンドゥー教が定着した","マウリヤ朝ではヒンドゥー教が国教とされ、グプタ朝で仏教が保護された","カニシカ王は上座部仏教を保護し、アショーカ王は大乗仏教を広めた","3王朝ともジャイナ教を国教とした",a,"アショーカ王はカリンガ征服の惨禍を悔いてダルマ（法）による統治を掲げ、仏典結集を行った。カニシカ王のもとでガンダーラ美術と大乗仏教が栄えた。グプタ朝ではサンスクリット文学とヒンドゥー教が興隆し、『マヌ法典』が整えられた。","山川『詳説世界史』第3章"
,it.india.mahayana_vs_theravada.1,kc.india.mahayana_vs_theravada,"大乗仏教と上座部仏教の伝播経路の説明として正しいものはどれか。","大乗仏教は中央アジアを経て中国・朝鮮・日本へ伝わり、上座部仏教はスリランカを経て東南アジアへ伝わった","大乗仏教はスリランカ経由で東南アジアへ、上座部仏教は中央アジア経由で東アジアへ伝わった","どちらもチベットを経由して東アジアにのみ伝わった","上座部仏教はインドから直接日本へ伝わった",a,"大乗仏教（北伝）は衆生の救済を重んじ、中央アジアのオアシス都市を経て中国・朝鮮・日本へ伝わった。上座部仏教（南伝）は出家者の修行を重んじ、スリランカからビルマ・タイ・カンボジアへ広まった。北伝＝東アジア、南伝＝東南アジアの対応が問われる。","山川『詳説世界史』第3章"
,it.sea.indianization_causes.1,kc.sea.indianization_causes,"東南アジアの「インド化」が進んだ理由として最も適切なものはどれか。","季節風を利用した海上交易でインド商人が往来し、現地の首長がインドの王権思想や宗教を統治に取り入れたから","インドの王朝が軍を派遣して東南アジアを征服したから","インドから大規模な移住があり、現地住民が少数派になったから","ヨーロッパ人がインド文化を東南アジアへ持ち込んだから",a,"インド洋の季節風（モンスーン）を利用した交易により、港市の首長がヒンドゥー教・仏教やサンスクリット語、王権思想を受け入れた。軍事征服ではなく交易を通じた自発的な受容であった点が重要である。","山川『詳説世界史』第3章"
,it.sea.port_polities_geo.1,kc.sea.port_polities_geo,"東南アジアの国家と、その所在地の組み合わせとして正しいものはどれか。","扶南＝メコン川下流、チャンパー＝ベトナム中部、シュリーヴィジャヤ＝スマトラ、アンコール朝＝カンボジア","扶南＝スマトラ、チャンパー＝カンボジア、シュリーヴィジャヤ＝メコン川下流","扶南＝ベトナム中部、チャンパー＝スマトラ、アンコール朝＝メコン川下流","シュリーヴィジャヤ＝ベトナム中部、アンコール朝＝スマトラ、扶南＝カンボジア",a,"扶南は1〜7世紀にメコン川下流に栄え、外港オケオからローマの金貨が出土している。チャンパーはベトナム中部のチャム人の国。シュリーヴィジャヤはスマトラのパレンバンを中心にマラッカ海峡を押さえた。アンコール朝（カンボジア）はアンコール=ワットを残した。","山川『詳説世界史』第3章"
,it.sea.angkor_and_pagan.1,kc.sea.angkor_and_pagan,"アンコール朝とパガン朝の信仰についての説明として正しいものはどれか。","アンコール朝は当初ヒンドゥー教を奉じてアンコール=ワットを建て、のちに上座部仏教が広まった。パガン朝は上座部仏教を保護した","アンコール朝は一貫してイスラーム教を、パガン朝はヒンドゥー教を奉じた","両朝とも大乗仏教を国教とし、上座部仏教を排斥した","パガン朝はヒンドゥー教のみを、アンコール朝はキリスト教を受け入れた",a,"アンコール=ワットはスールヤヴァルマン2世がヒンドゥー教の寺院として造営し、のちに仏教寺院として用いられた。ビルマのパガン朝はスリランカから上座部仏教を受け入れ、多数の仏塔を残した。","山川『詳説世界史』第3章"
,it.china.fengjian_vs_junxian.1,kc.china.fengjian_vs_junxian,"周の封建制と秦の郡県制の違いとして正しいものはどれか。","封建制は血縁を基礎に一族や功臣に領地を与えて世襲させたが、郡県制は中央から任期付きの官僚を派遣して直接統治した","封建制は官僚を派遣する制度で、郡県制は諸侯に領地を分け与える制度だった","封建制は秦が、郡県制は周が採用した","どちらも土地を国家が所有し、農民に均等に分配する制度だった",a,"周の封建制は宗法という血縁の秩序に支えられ、諸侯は世襲した。秦の始皇帝は全国を郡・県に分け、中央から官吏を派遣して統治した。中国の「封建」は血縁を基礎とする点で、主従の契約に基づくヨーロッパの封建制とは異なる。","山川『詳説世界史』第3章"
,it.china.hundred_schools_positions.1,kc.china.hundred_schools_positions,"諸子百家の人物と学派・主張の組み合わせとして正しいものはどれか。","荀子＝儒家で性悪説、韓非＝法家、墨子＝墨家で兼愛","孟子＝法家で性悪説、韓非＝儒家、荘子＝墨家","荀子＝道家で性善説、老子＝法家、墨子＝儒家","孟子＝道家、韓非＝墨家、荘子＝法家",a,"儒家は孔子・孟子（性善説）・荀子（性悪説）。荀子の弟子である韓非と李斯が法家を大成した。道家は老子・荘子で無為自然を説く。墨家の墨子は無差別の愛（兼愛）と戦争反対（非攻）を唱えた。","山川『詳説世界史』第3章"
,it.china.qin_unification_causes.1,kc.china.qin_unification_causes,"秦が戦国の争いを制して中国を統一できた要因として最も適切なものはどれか。","商鞅の変法で法による統治と富国強兵を進め、関中の地を拠点として東方に対して有利な位置を占めたから","周王室の血筋を引き、諸侯から正統な支配者と認められていたから","早くから鉄製農具を独占し、他国が入手できなかったから","儒家を国家の学とし、道徳による統治で人心を得たから",a,"孝公に用いられた商鞅は、什伍の制・信賞必罰・郡県制の先取りなどにより秦を強国にした。渭水流域の関中は東方から攻めにくく、対外進出には有利だった。儒家を国学としたのは前漢の武帝であり、秦はむしろ法家を採り焚書坑儒を行った。","山川『詳説世界史』第3章"
,it.china.qin_fall_causes.1,kc.china.qin_fall_causes,"秦が統一から約15年で崩壊した理由として最も適切なものはどれか。","峻厳な法と、万里の長城や阿房宮などの大規模な土木工事による負担が民衆の反発を招き、陳勝・呉広の乱をきっかけに崩れたから","匈奴との戦いに敗れて長城以南を失い、首都の咸陽が占領されたから","始皇帝が反対派に暗殺され、後継者を決められないまま内乱が続いたから","貨幣・度量衡・文字の統一に失敗し、地域ごとに経済が分断されたから",a,"始皇帝は法家による厳格な統治を行い、長城の修築・道路の建設・阿房宮や陵墓の造営に民を徴発した。始皇帝の死後に陳勝・呉広の乱（前209年）が起こり、項羽と劉邦の争いを経て前206年に滅んだ。貨幣・度量衡・文字の統一はむしろ成功した政策である。","山川『詳説世界史』第3章"
,it.china.han_junguo_to_junxian.1,kc.china.han_junguo_to_junxian,"前漢の統治体制の変化についての説明として正しいものはどれか。","当初は郡県制と封建制を併せた郡国制をとったが、呉楚七国の乱を鎮圧したのち諸侯王の力を削り、実質的な郡県制に移った","当初から全土を郡と県に分ける郡県制のみをとり、封建的な要素は一切なかった","はじめ郡県制だったが呉楚七国の乱ののち郡国制に移り、諸侯王の権限が拡大した","郡国制を廃して周と同じ封建制に戻し、統治を諸侯の自治に委ねた",a,"高祖は秦の急激な郡県制を改め、直轄地に郡県、功臣や一族に王国・侯国を置く郡国制をとった。景帝のときの呉楚七国の乱（前154年）を鎮圧したのち諸侯王の実権を奪い、武帝の時代には実質的な中央集権が完成した。","山川『詳説世界史』第3章"
,it.china.wudi_policies.1,kc.china.wudi_policies,"前漢の武帝の政策として正しいものはどれか。","儒学を官学とし、塩・鉄・酒を専売にして財政を支え、匈奴に対抗するため張騫を大月氏に派遣した","科挙によって官吏を登用し、両税法で税制を改めた","仏教を国教とし、均田制によって農民に土地を分配した","府兵制を廃して募兵制に改め、節度使を置いた",a,"武帝は董仲舒の献策で儒学を官学とし、郷挙里選で官吏を推薦させた。財源確保のため塩・鉄・酒の専売、均輸法・平準法を行い、匈奴挟撃のため張騫を大月氏へ送った（結果として西域の情報がもたらされた）。科挙は隋、両税法・募兵制・節度使は唐、均田制は北魏に始まる。","山川『詳説世界史』第3章"
,it.china.division_period_order.1,kc.china.division_period_order,"後漢の滅亡から隋の統一までの出来事を、古いものから順に並べたものはどれか。","黄巾の乱 → 三国時代 → 西晋の統一 → 八王の乱 → 五胡十六国 → 南北朝","黄巾の乱 → 西晋の統一 → 三国時代 → 五胡十六国 → 八王の乱 → 南北朝","三国時代 → 黄巾の乱 → 八王の乱 → 南北朝 → 五胡十六国 → 西晋の統一","黄巾の乱 → 五胡十六国 → 三国時代 → 西晋の統一 → 八王の乱 → 南北朝",a,"黄巾の乱（184年）で後漢が揺らぎ、魏・呉・蜀の三国時代となる。魏を継いだ西晋が280年に統一するが、八王の乱（290年〜）で混乱し、五胡が華北に十六国を建てた。江南の東晋・南朝と、北魏に始まる北朝が並立する南北朝を経て、589年に隋が統一した。","山川『詳説世界史』第3章"
,it.china.northern_wei_sinicization.1,kc.china.northern_wei_sinicization,"北魏の孝文帝が行った政策として正しいものはどれか。","平城から洛陽へ遷都し、鮮卑の言語や服装を禁じて漢化を進め、均田制を実施した","都を洛陽から平城へ移し、漢人の風習を禁じて鮮卑の伝統を復活させた","科挙を創始し、官吏を試験で登用する制度を始めた","仏教を弾圧し、道教を国教として敦煌の石窟を破壊した",a,"孝文帝は494年に洛陽へ遷都し、鮮卑語・胡服を禁じ、漢人との通婚を奨励した。485年に始めた均田制は、のちの隋・唐の土地制度の原型となる。科挙は隋の文帝、雲崗・竜門の石窟造営はむしろ北魏の仏教保護を示す。","山川『詳説世界史』第3章"
,it.china.tang_system_collapse.1,kc.china.tang_system_collapse,"唐の均田制・租調庸・府兵制が崩れた結果として採用された制度の組み合わせはどれか。","両税法と募兵制","占田法と屯田制","一条鞭法と衛所制","地丁銀と八旗",a,"均田制は農民に土地を給付し、その見返りに租調庸を課し、府兵制で兵役を担わせる一体の仕組みだった。土地の兼併と農民の逃亡でこれが崩れ、780年に徳宗が両税法（現有の資産に応じ夏秋2回課税）を採用し、兵は募兵で集めるようになった。安史の乱（755〜763年）がこの転換を決定づけた。","山川『詳説世界史』第4章"
,it.china.sui_vs_tang_institutions.1,kc.china.sui_vs_tang_institutions,"隋が始めた事業として正しいものはどれか。","科挙（選挙）の開始と大運河の建設","両税法の採用と節度使の設置","均田制の創始と洛陽への遷都","三省六部の廃止と郡国制の復活",a,"隋の文帝は九品中正を廃して学科試験による選挙（のちの科挙）を始め、煬帝は華北と江南を結ぶ大運河を完成させた。どちらも唐が受け継いだため唐の業績と誤りやすい。両税法・節度使は唐、均田制の創始は北魏である。","山川『詳説世界史』第4章"
,it.eastasia.tang_cultural_sphere.1,kc.eastasia.tang_cultural_sphere,"東アジア文化圏を成り立たせた共通の要素として正しい組み合わせはどれか。","漢字・儒教・仏教・律令","アラビア文字・イスラーム法・スーフィズム・ワクフ","ラテン語・カトリック・ローマ法・封建制","サンスクリット語・ヒンドゥー教・カースト・ヴェーダ",a,"唐を中心に、朝鮮（新羅・高麗）・日本・ベトナムが漢字、儒教、（中国化した）仏教、律令という4要素を共有した。日本の遣唐使や大宝律令、朝鮮の科挙導入がその例である。cはヨーロッパ、dはインド、bはイスラーム世界の要素である。","山川『詳説世界史』第4章"
,it.eastasia.korea_dynasty_order.1,kc.eastasia.korea_dynasty_order,"朝鮮半島の国家を、古いものから順に並べたものはどれか。","高句麗・百済・新羅の三国 → 新羅による統一 → 高麗 → 朝鮮（李朝）","高麗 → 三国 → 朝鮮（李朝） → 新羅による統一","三国 → 高麗 → 新羅による統一 → 朝鮮（李朝）","新羅による統一 → 三国 → 朝鮮（李朝） → 高麗",a,"4世紀以降に高句麗・百済・新羅が並立し、新羅が唐と結んで百済（660年）・高句麗（668年）を滅ぼして統一した。935年に高麗が新羅を併合し、1392年に李成桂が朝鮮を建てた。中国側は唐・五代〜宋・元・明に対応する。","山川『詳説世界史』第4章"
,it.innerasia.nomad_vs_oasis.1,kc.innerasia.nomad_vs_oasis,"内陸アジアにおける遊牧国家とオアシス都市の関係の説明として正しいものはどれか。","遊牧国家は軍事力でオアシス都市を保護し、オアシス都市は交易の利益と農産物を提供するという相互依存の関係にあった","遊牧民はオアシス都市を破壊するだけで、共存関係は成立しなかった","オアシス都市が遊牧民を軍事的に征服し、支配下に置き続けた","両者は交流を持たず、それぞれ独立して発展した",a,"遊牧国家は騎馬の機動力で交易路の安全を保障し、その見返りに関税や貢納を得た。オアシス都市は灌漑農業と中継交易を担った。この共生関係が「オアシスの道」の繁栄を支えた。","山川『詳説世界史』第4章"
,it.innerasia.xiongnu_and_han.1,kc.innerasia.xiongnu_and_han,"匈奴と前漢の関係の変化についての説明として正しいものはどれか。","高祖が匈奴に敗れて以後は和親策で贈り物と婚姻により関係を保ったが、国力を蓄えた武帝が攻勢に転じた","前漢は建国当初から匈奴を圧倒し、一貫して攻勢を続けた","匈奴は前漢に服属し、一度も軍事的な脅威にならなかった","武帝が和親策に転じ、それ以前は攻勢をとっていた",a,"冒頓単于のもとで強大化した匈奴に高祖は白登山で敗れ（前200年）、以後は和親策をとった。武帝は衛青・霍去病を派遣して攻勢に出て、河西回廊に敦煌など4郡を置いた。dは順序が逆である。","山川『詳説世界史』第3章"
,it.innerasia.turk_and_uighur.1,kc.innerasia.turk_and_uighur,"突厥とウイグルについての説明として正しいものはどれか。","突厥は隋・唐の離間策もあって東西に分裂し、のちにモンゴル高原を支配したウイグルは安史の乱で唐を援助した","ウイグルが東西に分裂したのち、突厥がこれを滅ぼして唐に服属した","突厥は安史の乱を起こして唐を滅ぼした","ウイグルは唐と敵対し続け、唐を援助したことは一度もない",a,"突厥は6世紀に柔然を破って建国し、独自の突厥文字を残したが、583年頃に東西に分裂した。744年に成立したウイグルは、755年からの安史の乱で唐を援助してその見返りに絹を得た。840年にキルギスに敗れて西へ移った。","山川『詳説世界史』第4章"
,it.trade.three_routes_geo.1,kc.trade.three_routes_geo,"ユーラシアの3つの交易路の説明として正しいものはどれか。","草原の道はユーラシア北方の草原地帯、オアシスの道はタリム盆地のオアシス都市を経由し、海の道はインド洋の季節風を利用した","草原の道はタリム盆地のオアシス都市を、オアシスの道は北方の草原地帯を通った","海の道は地中海の沿岸のみを結ぶ航路で、インド洋には及ばなかった","3つの道はいずれも中国国内を結ぶもので、西方の西アジアには達しなかった",a,"草原の道はスキタイや匈奴などの騎馬遊牧民が担った北方のルート。オアシスの道（いわゆるシルク=ロード）は敦煌からタリム盆地の南北を通り、パミールを越えて西アジアへ至る。海の道は季節風を利用し、中国南部からインド洋を経て西アジア・東アフリカに達した。","山川『詳説世界史』第4章"
,it.trade.sogdian_role.1,kc.trade.sogdian_role,"ソグド人についての説明として正しいものはどれか。","中央アジアのサマルカンドなどを本拠とするイラン系の民族で、オアシスの道の交易と文化の仲介を担った","モンゴル高原を本拠とするトルコ系の遊牧民で、農耕を営まなかった","インド出身の商人集団で、海の道の交易を独占した","中国の江南出身の商人で、大運河の水運を担った",a,"ソグド人はサマルカンド・ブハラを拠点とするイラン系の商業民で、唐の長安にも多く住み、ゾロアスター教やマニ教を東方へ伝えた。安史の乱を起こした安禄山もソグド系とされる。ソグド文字はウイグル文字、さらにモンゴル文字の系統につながった。","山川『詳説世界史』第4章"
,it.trade.buddhism_transmission_order.1,kc.trade.buddhism_transmission_order,"仏教が伝わった地域を、伝播の順序が古いものから並べたものはどれか。","インド → 中央アジア → 中国 → 朝鮮 → 日本","インド → 中国 → 中央アジア → 日本 → 朝鮮","中央アジア → インド → 朝鮮 → 中国 → 日本","インド → 日本 → 朝鮮 → 中国 → 中央アジア",a,"前1世紀頃までにインドから中央アジアのオアシス都市へ伝わり、後1世紀頃に中国へ入った。4世紀に朝鮮三国へ、6世紀（538年または552年）に百済から日本へ伝えられた。この経路が「北伝仏教」であり、大乗仏教が主流である。","山川『詳説世界史』第4章"
,it.islam.hijra_and_umma.1,kc.islam.hijra_and_umma,"イスラーム暦（ヒジュラ暦）の紀元となった出来事はどれか。","ムハンマドがメッカからメディナへ移住し、信徒の共同体を築いたこと","ムハンマドがメッカで生まれたこと","ムハンマドが洞窟で最初の啓示を受けたこと","ムハンマドがメッカを征服し、カーバ神殿の偶像を除いたこと",a,"622年のメディナ移住（ヒジュラ）を紀元とする。ここで信徒の共同体ウンマが成立し、血縁ではなく信仰による結びつきが生まれた点が重要である。最初の啓示は610年頃、メッカ征服は630年で、いずれも紀元ではない。","山川『詳説世界史』第5章"
,it.islam.rashidun_vs_umayyad_succession.1,kc.islam.rashidun_vs_umayyad_succession,"正統カリフ時代とウマイヤ朝のカリフ位の継承の違いとして正しいものはどれか。","正統カリフは信徒の合議で選ばれたが、ウマイヤ朝以降は特定の家系による世襲となった","正統カリフは世襲で、ウマイヤ朝以降は合議による選出に改められた","どちらもムハンマドの血縁者だけが継ぐと定められていた","どちらもビザンツ皇帝の承認を必要とした",a,"アブー=バクルからアリーまでの4代は信徒の合議で選ばれた。661年にムアーウィヤがウマイヤ朝を開いて以後は世襲となり、これに反発してアリーとその子孫のみを指導者と認める人々がシーア派を形成した。","山川『詳説世界史』第5章"
,it.islam.sunni_vs_shia_origin.1,kc.islam.sunni_vs_shia_origin,"スンナ派とシーア派が分かれた最初のきっかけはどれか。","カリフの位を誰が継ぐかという政治的な対立","コーランを翻訳してよいかどうかという言語をめぐる論争","メッカへの巡礼を義務とするかどうかの見解の相違","ムハンマドを神と認めるかどうかという教義上の対立",a,"第4代カリフのアリーが暗殺され、ウマイヤ朝が世襲を始めたことに対し、アリーとその子孫のみを共同体の指導者（イマーム）と認める人々がシーア派となった。出発点は教義ではなく継承をめぐる政治的対立であり、教義の差はのちに形成された。","山川『詳説世界史』第5章"
,it.islam.arab_conquest_causes.1,kc.islam.arab_conquest_causes,"アラブの大征服が短期間で成功した要因として最も適切なものはどれか。","ビザンツ帝国とササン朝が長年の抗争で疲弊しており、被征服民も貢納すれば信仰を保てたため抵抗が小さかったから","アラブ軍が火薬兵器を独占し、圧倒的な火力を持っていたから","ビザンツ帝国とササン朝が同盟してアラブ側についたから","被征服民に改宗を強制せず、税もいっさい課さなかったから",a,"ビザンツとササン朝は6〜7世紀の抗争で消耗していた。征服地の「啓典の民」は人頭税ジズヤと地租ハラージュを納めれば信仰を認められたため（免税ではない）、旧支配者より負担が軽い場合もあり抵抗が小さかった。火薬兵器の使用はずっと後代である。","山川『詳説世界史』第5章"
,it.islam.umayyad_vs_abbasid.1,kc.islam.umayyad_vs_abbasid,"ウマイヤ朝とアッバース朝の違いとして正しいものはどれか。","ウマイヤ朝はダマスクスを都としアラブ人を優遇したが、アッバース朝はバグダードを都とし民族を問わずムスリムの平等を進めた","ウマイヤ朝はバグダードを都とし、アッバース朝はダマスクスを都とした","アッバース朝はアラブ人だけを免税とし、非アラブのムスリムに重税を課した","両朝ともシーア派を国教とし、スンナ派を弾圧した",a,"ウマイヤ朝ではアラブ人が特権を持ち、非アラブの改宗者（マワーリー）にもジズヤが課される不平等があった。アッバース朝はこの不満を背景に成立し、ムスリムであればハラージュのみでジズヤを免れる原則を確立した。「アラブ帝国」から「イスラーム帝国」への転換と呼ばれる。","山川『詳説世界史』第5章"
,it.islam.abbasid_decline_order.1,kc.islam.abbasid_decline_order,"アッバース朝カリフの実権喪失に関わる出来事を、古いものから順に並べたものはどれか。","ブワイフ朝がバグダードに入り大アミールとなる → セルジューク朝がこれを追いスルタンの称号を得る","セルジューク朝がスルタンとなる → ブワイフ朝が大アミールとなる","ブワイフ朝がスルタンとなる → セルジューク朝が大アミールとなる","セルジューク朝がバグダードに入りアッバース朝を滅ぼす → ブワイフ朝が代わって立つ",a,"946年にシーア派のブワイフ朝がバグダードに入り、カリフから大アミールの地位を得て実権を握った。1055年にトゥグリル=ベクのセルジューク朝がこれを追い、カリフからスルタン（世俗の支配者）の称号を授かった。カリフは宗教的権威として残り、アッバース朝が滅びるのは1258年のモンゴル侵入による。","山川『詳説世界史』第5章"
,it.islam.three_caliphates_geo.1,kc.islam.three_caliphates_geo,"10世紀にカリフを称した3つの王朝と、その都の組み合わせとして正しいものはどれか。","アッバース朝＝バグダード、ファーティマ朝＝カイロ、後ウマイヤ朝＝コルドバ","アッバース朝＝カイロ、ファーティマ朝＝コルドバ、後ウマイヤ朝＝バグダード","アッバース朝＝コルドバ、ファーティマ朝＝バグダード、後ウマイヤ朝＝カイロ","アッバース朝＝バグダード、ファーティマ朝＝コルドバ、後ウマイヤ朝＝カイロ",a,"909年に北アフリカで興ったファーティマ朝はエジプトを征服してカイロを建設し、カリフを称した。イベリア半島の後ウマイヤ朝もアブド=アッラフマーン3世が929年にカリフを称し、コルドバを都とした。こうして3人のカリフが並立した。","山川『詳説世界史』第5章"
,it.islam.fatimid_vs_ayyubid.1,kc.islam.fatimid_vs_ayyubid,"ファーティマ朝とアイユーブ朝の宗派についての説明として正しいものはどれか。","ファーティマ朝はシーア派、アイユーブ朝はスンナ派で、サラディンによる王朝交替は宗派の転換でもあった","ファーティマ朝はスンナ派、アイユーブ朝はシーア派で、サラディンがシーア派を国教とした","両朝ともシーア派で、宗派の変化はなかった","両朝ともスンナ派で、対立は領土をめぐるものだけだった",a,"ファーティマ朝はシーア派の一派イスマーイール派の王朝である。サラディン（サラーフ=アッディーン）は1169年にこれを倒してアイユーブ朝を開き、スンナ派に戻した。彼は第3回十字軍と戦い、イェルサレムを奪回した人物でもある。","山川『詳説世界史』第5章"
,it.islam.iqta_system.1,kc.islam.iqta_system,"イクター制についての説明として正しいものはどれか。","軍人に俸給の代わりに一定地域の徴税権を与える制度で、ブワイフ朝で始まりセルジューク朝が広めた","農民に土地を均等に分配し、その代わりに税と兵役を課す制度である","商人に交易の独占権を与えて関税を免除する制度である","カリフが聖職者に土地を寄進し、その収益で学院を運営させる制度である",a,"それまで軍人には現物や現金で俸給を支払っていたが、財政難からブワイフ朝が徴税権の分与に切り替えた（946年頃）。セルジューク朝が制度として確立し、以後のイスラーム諸王朝に広く受け継がれた。bは均田制、dはワクフに近い。","山川『詳説世界史』第5章"
,it.islam.transmission_to_europe.1,kc.islam.transmission_to_europe,"ギリシアの古典がイスラーム世界を経てヨーロッパへ再流入した経路として正しいものはどれか。","アラビア語に訳されて保存された古典が、トレドやシチリア島でラテン語に翻訳されてヨーロッパへ伝わった","ビザンツ帝国から直接ギリシア語のまま伝わり、翻訳は行われなかった","十字軍がイェルサレムから写本を持ち帰り、そのまま各地の大学で用いられた","ヨーロッパで独自に再発見され、イスラーム世界とは関わりがなかった",a,"アリストテレスなどの著作はアラビア語に訳され、イブン=ルシュド（アヴェロエス）らの注釈とともに発展した。12世紀にイベリア半島のトレドやシチリア島でラテン語へ大量に翻訳され、スコラ学の展開を促した。これを12世紀ルネサンスと呼ぶ。","山川『詳説世界史』第5章"
,it.euro.germanic_migration_causes.1,kc.euro.germanic_migration_causes,"ゲルマン人の大移動の直接のきっかけと、その帰結の説明として正しいものはどれか。","フン人の西進に押された西ゴート人が376年にローマ領内へ移動し、混乱のなか476年に西ローマ帝国が滅んだ","西ローマ帝国が滅んだ結果、空白地帯にゲルマン人が移動した","イスラーム勢力が北へ進出したことに押されて移動が始まった","ゲルマン人がローマに招かれ、平和的に定住したものである",a,"中央アジアから西進したフン人が東ゴート人を征服し、圧迫された西ゴート人が376年にドナウ川を越えてローマ領内に入った。これが大移動の起点で、以後約200年続く。西ローマ帝国の滅亡（476年）は移動の結果であって原因ではない。","山川『詳説世界史』第6章"
,it.euro.frank_conversion_significance.1,kc.euro.frank_conversion_significance,"クローヴィスのアタナシウス派への改宗が持った意味として正しいものはどれか。","他のゲルマン諸国家がアリウス派だったのに対し、ローマ系住民と同じ信仰に立つことで支持を得て融合を進められた","ローマ教皇の権威を否定し、独自の教会を立てることができた","ビザンツ皇帝の臣下となり、その保護を受けられるようになった","イスラーム勢力との同盟が可能になった",a,"東ゴート・西ゴート・ヴァンダルなど多くのゲルマン国家はアリウス派（異端とされた）を奉じ、ローマ系住民と溝があった。496年にクローヴィスがアタナシウス派（正統）に改宗したことで、フランク王国はローマ系住民と教会の支持を得て有利に立った。","山川『詳説世界史』第6章"
,it.euro.carolingian_coronation_meaning.1,kc.euro.carolingian_coronation_meaning,"800年のカールの戴冠が持った政治的な意味として正しいものはどれか。","西ローマ帝国の復興を宣言する形で、ローマ教皇と西欧の王が互いの権威を支え合う関係が生まれ、ビザンツ皇帝との対立を招いた","ビザンツ皇帝がカールを後継者に指名し、東西の帝国が再統一された","教皇がカールに臣従を誓い、以後は皇帝が教会を完全に支配した","イスラーム勢力を追い出した功績に対する、形式的な称号にすぎなかった",a,"教皇レオ3世がカールにローマ皇帝の帝冠を与えたことで、西欧は「ローマ帝国の後継」を名のる根拠を得た。教皇は世俗の保護者を、王は権威の裏づけを得るという相互依存が成立した一方、唯一の皇帝を自任するビザンツとの対立が決定的になった。","山川『詳説世界史』第6章"
,it.euro.verdun_and_mersen.1,kc.euro.verdun_and_mersen,"ヴェルダン条約とメルセン条約についての説明として正しいものはどれか。","843年のヴェルダン条約で王国は3分され、870年のメルセン条約で中部フランクの北部が東西に分けられ、独・仏・伊の原型ができた","870年のヴェルダン条約が先で、843年のメルセン条約で3分された","ヴェルダン条約で東西2つに分かれ、メルセン条約でさらに4つに分かれた","どちらの条約もフランク王国の再統一を定めたものである",a,"ヴェルダン条約（843年）でロタール・ルートヴィヒ・シャルルの3人に分割された。メルセン条約（870年）で中部フランクの北部が東西フランクに分けられ、東フランク＝ドイツ、西フランク＝フランス、イタリアという枠組みの原型ができた。","山川『詳説世界史』第6章"
,it.euro.orthodox_vs_catholic.1,kc.euro.orthodox_vs_catholic,"ギリシア正教とローマ=カトリックの違いとして正しいものはどれか。","正教では皇帝が教会を統轄する皇帝教皇主義がとられたが、カトリックでは教皇が世俗の権力から自立し対抗した","正教は教皇を最高の権威とし、カトリックは皇帝を最高の権威とした","正教は聖像を積極的に用い、カトリックは一貫して聖像を禁じた","両者の対立は1054年に解消され、以後は一つの教会となった",a,"ビザンツでは皇帝が総主教を任免するなど教会を統轄した。西欧では東ローマ皇帝の支配が及ばず、教皇がフランク王国と結んで自立し、のちに皇帝と叙任権をめぐって争った。726年の聖像禁止令は対立の一因だが、根底には統治構造の差がある。1054年に東西教会は相互に破門し分裂した。","山川『詳説世界史』第6章"
,it.euro.byzantine_institutions.1,kc.euro.byzantine_institutions,"ビザンツ帝国の軍管区制（テマ制）についての説明として正しいものはどれか。","帝国を軍管区に分けて司令官に軍事と行政を委ね、農民に土地を与えて兵役を課す屯田兵制と組み合わせた","貴族に土地の管理を委ね、その見返りに軍役を課す制度で、7世紀に始まった","傭兵のみで軍を編成し、自国民には兵役を課さない制度である","教会に土地を寄進し、修道院に国境の防衛を任せる制度である",a,"7世紀以降、外敵の圧力に対応して軍管区制が敷かれ、屯田兵となった自由農民が帝国の軍事力と税収を支えた。11世紀以降、この自由農民層が没落すると、貴族に土地の管理を委ねて軍役を課すプロノイア制へ移行し、帝国は衰えた。bはプロノイア制の説明である。","山川『詳説世界史』第6章"
,it.euro.slav_division_geo.1,kc.euro.slav_division_geo,"スラヴ人と受け入れた宗派の組み合わせとして正しいものはどれか。","ロシア人・セルビア人はギリシア正教、ポーランド人・チェック人・クロアティア人はローマ=カトリックを受け入れた","スラヴ人はすべてギリシア正教を受け入れ、カトリックを受け入れた集団はない","ポーランド人はギリシア正教、ロシア人はローマ=カトリックを受け入れた","西スラヴのみが正教を受け入れ、東スラヴと南スラヴはカトリックを受け入れた",a,"東スラヴ（ロシア・ウクライナ）と南スラヴの一部（セルビア・ブルガリア）はビザンツの影響で正教とキリル文字を受け入れた。西スラヴ（ポーランド・チェック）と南スラヴのクロアティア・スロヴェニアは西欧の影響でカトリックとラテン文字を受け入れた。南スラヴで境界が分かれる点が問われる。","山川『詳説世界史』第6章"
,it.euro.feudal_two_layers.1,kc.euro.feudal_two_layers,"西欧の封建社会の構造の説明として正しいものはどれか。","主君と家臣が保護と軍役を互いに約束する双務的な主従関係と、領主が農奴を支配する荘園制という2つの層から成る","国王が全国の官僚を任命し、農民から直接税を集める中央集権の仕組みである","農奴が土地を所有し、領主に地代を払って軍役を免除される仕組みである","主従関係は一方的な服従であり、家臣は主君に義務を負うだけだった",a,"主従関係は複数の主君に仕えることもできる契約的なもので、主君が義務を果たさなければ家臣は離反できた。この点が中国の封建制（血縁が基礎）と異なる。もう一層の荘園制では、農奴が賦役・貢納・領主裁判権や不輸不入権のもとに置かれた。","山川『詳説世界史』第6章"
,it.euro.investiture_controversy.1,kc.euro.investiture_controversy,"聖職叙任権闘争の経過として正しいものはどれか。","クリュニー修道院に始まる改革を背景に教皇グレゴリウス7世が皇帝ハインリヒ4世を破門し、カノッサの屈辱を経て1122年のヴォルムス協約で決着した","皇帝が教皇を破門し、教皇がカノッサで謝罪した","争いは決着せず、教皇が破門を撤回しないまま現在に至る","ヴォルムス協約で皇帝が叙任権を完全に手中にし、教皇は世俗の権限を失った",a,"10世紀のクリュニー修道院の改革運動が、聖職売買と世俗権力による叙任への批判を生んだ。1077年のカノッサの屈辱では皇帝が教皇に謝罪した。1122年のヴォルムス協約で、聖職者の任命は教会が、領地に関わる授与は皇帝が行うと定められ、妥協が成立した。","山川『詳説世界史』第6章"
,it.euro.agricultural_growth_effects.1,kc.euro.agricultural_growth_effects,"中世ヨーロッパで農業生産が伸びた結果として起きたこととして正しいものはどれか。","三圃制と重量有輪犂の普及で収穫が増え、人口が増加して大開墾運動・都市の成長・十字軍などの対外進出につながった","収穫が増えた分だけ人口が減り、都市が衰退した","農業技術の進歩により農奴が不要となり、11世紀に荘園制が消滅した","生産の増加は貴族の消費に吸収され、社会構造には影響しなかった",a,"三圃制（耕地を春耕地・秋耕地・休耕地に分ける）と鉄製の重量有輪犂、水車の普及によって11世紀以降に生産が伸びた。人口増加が大開墾運動（エルベ川以東への東方植民を含む）、都市と商業の復活、十字軍の人的基盤となった。","山川『詳説世界史』第6章"
,it.prehist.hominid_stages.1,kc.prehist.hominid_stages,"化石人類と段階の組み合わせとして正しいものはどれか。","アウストラロピテクス＝猿人、ジャワ原人＝原人、ネアンデルタール人＝旧人、クロマニョン人＝新人","アウストラロピテクス＝原人、ジャワ原人＝猿人、ネアンデルタール人＝新人、クロマニョン人＝旧人","アウストラロピテクス＝旧人、ジャワ原人＝新人、ネアンデルタール人＝猿人、クロマニョン人＝原人","アウストラロピテクス＝猿人、ジャワ原人＝旧人、ネアンデルタール人＝新人、クロマニョン人＝原人",a,"猿人（アウストラロピテクス、約700万〜200万年前、直立二足歩行）→原人（ジャワ原人・北京原人、火と言語の使用）→旧人（ネアンデルタール人、死者の埋葬）→新人（クロマニョン人、洞穴絵画）の順である。新人は現生人類（ホモ=サピエンス）にあたる。","山川『詳説世界史』序章"
,it.prehist.human_dispersal_geo.1,kc.prehist.human_dispersal_geo,"新人がアフリカを出て世界へ広がった経路の説明として正しいものはどれか。","アフリカから西アジアを経てユーラシア各地へ広がり、最後に陸続きだったベーリング海峡を渡ってアメリカ大陸へ到達した","アメリカ大陸で誕生し、ベーリング海峡を渡ってユーラシア・アフリカへ広がった","ヨーロッパで誕生し、そこからアフリカとアジアへ同時に広がった","オーストラリアで誕生し、島づたいにアジアへ渡って各地へ広がった",a,"新人はアフリカで生まれ、約10万〜5万年前に出アフリカを果たした。オーストラリアへは海を渡り、アメリカ大陸へは氷期に陸橋となっていたベーリング海峡を経て約1万5千年前頃に到達した。人類が最後に住みついた大陸がアメリカである。","山川『詳説世界史』序章"
,it.prehist.bipedalism_effects.1,kc.prehist.bipedalism_effects,"直立二足歩行が人類にもたらした変化の説明として正しいものはどれか。","前肢が移動から解放されて道具の製作と運搬が可能になり、脳容量の増大とともに文化の蓄積が進んだ","前肢が発達して樹上生活に適応し、地上へ降りる必要がなくなった","走る速度が飛躍的に上がり、大型動物を単独で狩れるようになった","視野が狭まった代わりに嗅覚が発達し、獲物の追跡が容易になった",a,"直立することで手が自由になり、道具の製作・運搬・投擲が可能になった。手の使用と脳の発達は相互に促進し合い、言語と文化の蓄積につながった。一方で骨盤の形が変わって産道が狭まり、未熟な状態で子を産む（そのぶん長く育てる）ことになった。","山川『詳説世界史』序章"
,it.prehist.fire_burial_art.1,kc.prehist.fire_burial_art,"人類の行動とその担い手の組み合わせとして正しいものはどれか。","火の使用＝原人、死者の埋葬＝旧人、洞穴絵画＝新人","火の使用＝新人、死者の埋葬＝原人、洞穴絵画＝旧人","火の使用＝旧人、死者の埋葬＝新人、洞穴絵画＝原人","火の使用＝猿人、死者の埋葬＝原人、洞穴絵画＝旧人",a,"火の使用と言語の使用は原人（北京原人など）の段階に始まる。旧人のネアンデルタール人は死者を埋葬しており、精神文化の芽生えを示す。ラスコー（フランス）やアルタミラ（スペイン）の洞穴絵画は新人（クロマニョン人）の残したものである。","山川『詳説世界史』序章"
,it.prehist.stone_age_division.1,kc.prehist.stone_age_division,"旧石器時代・中石器時代・新石器時代を分ける基準として正しいものはどれか。","石器の製法によって分け、打製石器の時代を旧石器、細石器の時代を中石器、磨製石器の時代を新石器とする","使用した金属の種類によって分け、銅・青銅・鉄の順に対応させる","農耕の有無によって分け、狩猟採集を旧石器、遊牧を中石器、農耕を新石器とする","文字の有無によって分け、文字が現れる前後で区切る",a,"区分の基準は石器の製法である。旧石器時代は打製石器、氷期の終わりに小型の細石器を用いる中石器時代を経て、磨製石器と土器を伴う新石器時代となる。農耕の開始は新石器時代とほぼ重なるが、区分の基準そのものは石器の製法である。","山川『詳説世界史』序章"
,it.neolithic.food_production_causes.1,kc.neolithic.food_production_causes,"獲得経済から生産経済へ転換した要因として最も適切なものはどれか。","氷期が終わって温暖化し、西アジアに麦の原生種と羊・山羊が分布していたため、栽培と飼育が可能になったから","鉄製の農具が普及し、深く耕せるようになったから","人口が減少して狩猟の獲物が余り、食料の貯蔵が必要になったから","国家が成立し、農耕を義務として住民に課したから",a,"約1万年前の温暖化で植生と動物相が変わり、西アジアの丘陵地帯に自生していた麦類と、羊・山羊・牛・豚の原種が栽培化・家畜化された。生産経済への転換を「新石器革命（農業革命）」と呼ぶ。鉄製農具の普及も国家の成立も、これよりずっと後である。","山川『詳説世界史』序章"
,it.neolithic.neolithic_toolkit.1,kc.neolithic.neolithic_toolkit,"新石器時代を特徴づける道具の組み合わせとして正しいものはどれか。","磨製石器・土器・織物","青銅器・鉄器・戦車","打製石器・細石器・骨角器","火薬・羅針盤・活版印刷",a,"新石器時代は磨製石器のほか、煮炊きと貯蔵を可能にした土器、麻や毛を用いた織物を伴う。金属器の使用は前3000年頃の青銅器から始まり、新石器時代より後である。cは旧石器〜中石器、dは宋・元代の三大発明である。","山川『詳説世界史』序章"
,it.neolithic.fertile_crescent_geo.1,kc.neolithic.fertile_crescent_geo,"「肥沃な三日月地帯」が指す範囲として正しいものはどれか。","ペルシア湾からティグリス・ユーフラテス川流域を経てシリア・パレスチナに至る弧状の地域","ナイル川流域からサハラ砂漠を横断して大西洋岸に至る地域","インダス川流域からガンジス川流域に至る北インドの平野","黄河流域から長江流域に至る中国の平野",a,"メソポタミアからシリア・パレスチナへ弧を描くこの地域で、麦の栽培と羊・山羊の飼育が始まった。ここからヨーロッパ、エジプト、インドへ農耕が伝わった。エジプトのナイル川流域は農耕の伝播先であって起源地ではない。","山川『詳説世界史』序章"
,it.neolithic.irrigation_to_state.1,kc.neolithic.irrigation_to_state,"灌漑農業が国家の成立につながった過程として正しいものはどれか。","治水と灌漑に大規模な共同作業が必要となり、余剰生産が分業と階級を生んで、それを統率する神官や王が現れた","灌漑によって農民が土地に縛られなくなり、遊牧民が支配者となった","灌漑技術を独占した商人が富を蓄え、王を選挙で選ぶ制度が生まれた","灌漑が失敗して飢饉が続き、外部からの征服によって国家が押しつけられた",a,"大河の治水・灌漑は個々の村では担えず、広域の共同作業と指揮が要る。灌漑によって生まれた余剰生産が農業以外の職業（神官・職人・戦士）を養い、階級分化が進んで都市国家が成立した。エジプト・メソポタミア・インダス・中国のいずれもこの過程をたどった。","山川『詳説世界史』第1章"
,it.neolithic.metal_age_order.1,kc.neolithic.metal_age_order,"金属器の使用について、時代の古いものから順に並べたものはどれか。","青銅器が先に普及し、ヒッタイトが独占していた製鉄技術が拡散して鉄器が広まった","鉄器が先に普及し、のちに青銅器が発明されて取って代わった","青銅器と鉄器が同時に現れ、地域によって選択が分かれた","鉄器のあとに石器が再び用いられ、最後に青銅器が現れた",a,"前3000年頃から青銅器（銅と錫の合金）が用いられた。鉄はアナトリアのヒッタイトが前1500年頃に本格的な製鉄を確立して独占したが、前1200年頃にヒッタイトが滅ぶと技術が各地へ広まり、安価で硬い鉄器が農具・武器として普及した。","山川『詳説世界史』第1章"
,it.source.primary_vs_secondary.1,kc.source.primary_vs_secondary,"一次史料と二次史料を区別する基準として正しいものはどれか。","その出来事と同時代に、当事者や直接の関係者によって作られたかどうか","内容が信頼できるかどうか","文字で書かれているか、遺物であるか","現在まで原本が残っているかどうか",a,"一次史料は同時代の当事者が残したもの（公文書・日記・書簡・碑文など）、二次史料は後世の人がそれらをもとに書いたものである。基準は「同時代性」であって、信頼性の高さではない。一次史料にも書き手の立場による偏りがあり、批判的に読む必要がある。","山川『歴史総合』史料の扱い"
,it.source.material_vs_written.1,kc.source.material_vs_written,"文字史料と考古資料の違いについての説明として正しいものはどれか。","文字史料は書き手の意図や思想を伝えるが、考古資料は遺構や遺物から人々の生活そのものを復元できる","文字を持たない社会については、何も知ることができない","考古資料は文字史料より常に信頼性が高く、優先して用いるべきである","文字史料と考古資料は同じことを別の形で記録したもので、内容に違いはない",a,"文字史料は書かれた意図や当時の観念を伝える一方、書き手の立場に偏る。考古資料は住居址・墓・道具・食物の残りかすなどから、書かれなかった日常や交易の範囲を明らかにできる。インダス文明のように文字が未解読でも、都市計画や交易は考古資料から復元されている。","山川『歴史総合』史料の扱い"
,it.source.bias_in_records.1,kc.source.bias_in_records,"歴史の記録が特定の人々に偏る理由として最も適切なものはどれか。","記録を残せるのは文字を扱える層と権力の側に限られたため、民衆や女性の姿が残りにくいから","過去の人々が意図的に嘘を書き残したから","古い記録ほど失われやすく、新しい記録だけが残るから","歴史家が特定の地域だけを研究対象にしてきたから",a,"文字の使用と記録の保存には費用と教育が要り、それを担えたのは支配層と聖職者・官僚であった。したがって史料は彼らの視点に偏る。この偏りを補うため、考古資料や民衆の口伝、家計簿・裁判記録といった史料が近年重視されている。","山川『歴史総合』史料の扱い"
,it.source.periodization_problem.1,kc.source.periodization_problem,"時代区分についての説明として正しいものはどれか。","古代・中世・近代という区分はヨーロッパ史をもとに作られたもので、他地域にそのまま当てはめると実態を捉えそこなう","時代区分は世界共通で、どの地域でも同じ年代で区切られる","中国史では王朝の交替と古代・中世・近代の境目が完全に一致する","時代区分は史料の量によって決まり、地域による差はない",a,"三区分法は西欧の経験（ローマ帝国の崩壊、ルネサンス）に由来する。中国史では唐宋の変革を境とする見方、イスラーム史では独自の展開があり、区分の年代も意味も一致しない。区分はあくまで理解のための道具であって、実在する境界ではない。","山川『歴史総合』時代区分"
,it.islamize.delhi_sultanate_order.1,kc.islamize.delhi_sultanate_order,"デリー=スルタン朝の5王朝を、古いものから順に並べたものはどれか。","奴隷王朝 → ハルジー朝 → トゥグルク朝 → サイイド朝 → ロディー朝","ハルジー朝 → 奴隷王朝 → ロディー朝 → トゥグルク朝 → サイイド朝","トゥグルク朝 → サイイド朝 → 奴隷王朝 → ハルジー朝 → ロディー朝","ロディー朝 → サイイド朝 → トゥグルク朝 → ハルジー朝 → 奴隷王朝",a,"1206年にアイバクが開いた奴隷王朝を最初として5王朝が交替した。1526年にバーブルがロディー朝をパーニーパットの戦いで破り、ムガル帝国が成立して以後をムガル時代と呼ぶ。","山川『詳説世界史』第7章"
,it.islamize.bhakti_and_sufism.1,kc.islamize.bhakti_and_sufism,"インドでイスラームが民衆のあいだに広まった経路として最も適切なものはどれか。","神との一体化を求めるスーフィズムと、神への献身を説くヒンドゥー教のバクティ信仰が接近し、身分を問わない信仰として受け入れられたから","支配者が改宗を強制し、拒んだ者を国外へ追放したから","ヒンドゥー教の寺院がすべて破壊され、信仰の対象が失われたから","イスラーム教徒に土地が無償で与えられ、経済的な利益があったから",a,"支配層の宗教というだけでは民衆に定着しない。神秘主義（スーフィズム）は形式より内面を重んじ、ヴァルナを問わず神への愛を説くバクティ信仰と共鳴した。両者の接近からシク教のような新しい宗教も生まれた。","山川『詳説世界史』第7章"
,it.islamize.sea_route_islam_geo.1,kc.islamize.sea_route_islam_geo,"東南アジアのイスラーム化についての説明として正しいものはどれか。","ムスリム商人の交易を通じてスマトラ北端から広まり、マラッカ王国の改宗を経てジャワなど島嶼部に浸透した","大陸部のビルマ・タイから広まり、島嶼部には及ばなかった","オスマン帝国が軍を送って征服したことで一気に広まった","ヨーロッパ人がイスラーム教を持ち込み、植民地支配とともに広まった",a,"13世紀末にスマトラ北端のサムドラ=パサイ王国が最初にイスラーム化し、15世紀にマラッカ王国が改宗して交易網とともに広まった。島嶼部（インドネシア・マレーシア）がイスラーム圏、大陸部（ビルマ・タイ・カンボジア・ラオス）が上座部仏教圏という現在の分布はここに由来する。","山川『詳説世界史』第7章"
,it.islamize.west_africa_states.1,kc.islamize.west_africa_states,"西アフリカの3王国についての説明として正しいものはどれか。","ガーナ・マリ・ソンガイの順に交替し、マリ王国のマンサ=ムーサはメッカ巡礼で大量の金を用いて名を知られた","マリ・ガーナ・ソンガイの順に交替し、いずれもキリスト教を国教とした","3王国は同時に並立し、たがいに交易を行わなかった","3王国はいずれもインド洋岸に位置し、香辛料交易で栄えた",a,"サハラ縦断交易（金と岩塩の交換）で栄えた王国が、ガーナ→マリ→ソンガイと交替した。マリ王国のマンサ=ムーサは1324年のメッカ巡礼でカイロの金相場を下落させたと伝えられる。トンブクトゥはイスラーム学問の中心となった。位置は西アフリカのニジェール川流域である。","山川『詳説世界史』第7章"
,it.islamize.swahili_coast_geo.1,kc.islamize.swahili_coast_geo,"東アフリカ海岸の海港都市についての説明として正しいものはどれか。","マリンディ・モンバサ・キルワなどがインド洋交易で栄え、現地のバントゥー系言語とアラビア語が混じってスワヒリ語が生まれた","これらの都市は大西洋岸にあり、ヨーロッパとの奴隷貿易で栄えた","内陸の都市で、サハラ縦断交易の終着点であった","いずれもエジプトの支配下にあり、独自の言語は生まれなかった",a,"季節風を利用したインド洋交易で、東アフリカ海岸のマリンディ・モンバサ・ザンジバル・キルワが繁栄した。金・象牙・奴隷を輸出し、陶磁器や織物を輸入した。バントゥー系の言語にアラビア語の語彙が入って成立したのがスワヒリ語である。","山川『詳説世界史』第7章"
,it.islamize.sufi_role.1,kc.islamize.sufi_role,"スーフィーが布教で果たした役割の説明として正しいものはどれか。","教団を組織して商人とともに辺境へ赴き、現地の慣習を柔軟に取り込みながら民衆に信仰を広めた","法学の厳格な適用を求め、現地の慣習を一切認めなかった","布教を行わず、修道場にこもって個人の修行にのみ専念した","軍を率いて征服を行い、改宗を武力で強制した",a,"スーフィーは神との一体化を求める神秘主義者だが、12世紀以降は教団（タリーカ）を組織し、商人とともにインド・東南アジア・アフリカへ広がった。現地の聖者信仰や慣習を取り込む柔軟さが、民衆への浸透を可能にした。","山川『詳説世界史』第7章"
,it.song.civil_supremacy_causes.1,kc.song.civil_supremacy_causes,"宋の文治主義が軍事的な弱さを招いた過程の説明として正しいものはどれか。","唐末の節度使の割拠を防ぐため軍を皇帝の直属とし文官を重んじたが、その結果として軍事力が低下し、遼や西夏に歳幣を贈って和平を保つことになった","文官を減らして武官を重んじた結果、内乱が続いて対外戦争ができなくなった","科挙を廃止して門閥貴族を復活させたため、有能な将軍が育たなかった","農民から兵を集める徴兵制をやめ、傭兵を用いなかったため兵が足りなかった",a,"趙匡胤は節度使の権限を奪って禁軍を皇帝の直属とし、科挙を整備して文官が軍を統制する体制を敷いた。内政の安定という目的は達したが軍事力は弱く、遼とは澶淵の盟（1004年）、西夏とは慶暦の和約を結び、銀と絹を毎年贈った。","山川『詳説世界史』第8章"
,it.song.northern_peoples.1,kc.song.northern_peoples,"北方民族と王朝の組み合わせとして正しいものはどれか。","契丹＝遼、タングート＝西夏、女真＝金","契丹＝金、タングート＝遼、女真＝西夏","契丹＝西夏、タングート＝金、女真＝遼","契丹＝遼、タングート＝金、女真＝西夏",a,"契丹の耶律阿保機が遼（916年）、タングートの李元昊が西夏（1038年）、女真の完顔阿骨打が金（1115年）を建てた。いずれも漢字をもとにしながら独自の文字（契丹文字・西夏文字・女真文字）を作り、民族意識を保とうとした点が共通する。","山川『詳説世界史』第8章"
,it.song.wang_anshi_reform.1,kc.song.wang_anshi_reform,"王安石の新法についての説明として正しいものはどれか。","財政再建と富国強兵を目的に青苗法・募役法・市易法・保甲法などを実施したが、大地主や大商人を支持基盤とする旧法党の反対で挫折した","科挙を廃止して門閥貴族による政治に戻す改革であった","農民に土地を均等に分配する均田制を復活させる改革であった","仏教を国教として寺院に土地を寄進する改革であった",a,"青苗法は農民への低利融資、募役法は力役を銭納に改めるもの、市易法は中小商人への融資、保甲法は民兵の組織である。いずれも中小の農民・商人を保護し財政を立て直す狙いだったが、司馬光ら旧法党の反対で神宗の死後に廃止された。","山川『詳説世界史』第8章"
,it.song.north_to_south_geo.1,kc.song.north_to_south_geo,"北宋と南宋の違いについての説明として正しいものはどれか。","靖康の変で金に華北を奪われ、都を開封から臨安へ移して淮河を境界とする南宋となった","北宋が江南、南宋が華北を支配し、長江が境界となった","南宋は華北を回復し、開封に都を戻した","北宋と南宋の領域は同じで、王朝名だけが変わった",a,"1126〜27年の靖康の変で金が開封を落とし、徽宗・欽宗を連れ去った。逃れた高宗が江南で南宋を再興し、都を臨安（杭州）に置いた。1142年の和議で淮河が国境と定まり、南宋は金に臣礼をとって歳貢を納めた。","山川『詳説世界史』第8章"
,it.song.economic_revolution.1,kc.song.economic_revolution,"宋代の経済についての説明として正しいものはどれか。","早稲の占城稲の導入で江南の生産が伸び、交子・会子という紙幣や、行・作という同業組合、鎮という商業都市が現れた","貨幣の使用が禁じられ、物々交換に戻った","経済の重心が江南から華北へ移り、長江流域は荒廃した","対外貿易が禁止され、市舶司が廃止された",a,"ベトナム原産の占城稲は早稲・干魃に強く、江南の二毛作を可能にした。「蘇湖（江浙）熟すれば天下足る」といわれるほど江南が穀倉となり、経済の重心が南へ移った。交子は世界最初期の紙幣で、海上交易を管理する市舶司も泉州・広州などに置かれた。","山川『詳説世界史』第8章"
,it.song.scholar_officials.1,kc.song.scholar_officials,"宋代の士大夫と唐までの門閥貴族の違いとして正しいものはどれか。","門閥貴族は家柄によって地位を世襲したが、士大夫は科挙の合格によって地位を得る新しい支配層であった","士大夫は家柄で地位を継ぎ、門閥貴族は試験で選ばれた","どちらも武力によって地位を得た軍人層であった","士大夫は農民から選ばれ、財産を持つことを禁じられていた",a,"唐までは九品中正の下で門閥貴族が高官を独占したが、五代の混乱で没落した。宋は殿試を加えて科挙を完成させ、皇帝が直接合格者を選ぶようにした。合格者は形勢戸・官戸と呼ばれる地主層から出ることが多く、学問と教養を身につけた士大夫が新しい支配層となった。","山川『詳説世界史』第8章"
,it.mongol.expansion_order.1,kc.mongol.expansion_order,"モンゴル帝国の拡大に関わる出来事を、古いものから順に並べたものはどれか。","チンギス=ハンの即位 → ワールシュタットの戦い → アッバース朝の滅亡 → 南宋の滅亡","ワールシュタットの戦い → チンギス=ハンの即位 → 南宋の滅亡 → アッバース朝の滅亡","アッバース朝の滅亡 → 南宋の滅亡 → チンギス=ハンの即位 → ワールシュタットの戦い","南宋の滅亡 → アッバース朝の滅亡 → ワールシュタットの戦い → チンギス=ハンの即位",a,"1206年にチンギス=ハンが即位、オゴタイの代の1241年にバトゥがワールシュタット（リーグニッツ）でドイツ・ポーランド連合軍を破った。1258年にフラグがバグダードを占領してアッバース朝を滅ぼし、1279年にフビライが南宋を滅ぼして中国を統一した。","山川『詳説世界史』第8章"
,it.mongol.four_khanates_geo.1,kc.mongol.four_khanates_geo,"モンゴルのハン国と地域の組み合わせとして正しいものはどれか。","キプチャク=ハン国＝南ロシア、チャガタイ=ハン国＝中央アジア、イル=ハン国＝イラン","キプチャク=ハン国＝イラン、チャガタイ=ハン国＝南ロシア、イル=ハン国＝中央アジア","キプチャク=ハン国＝中央アジア、チャガタイ=ハン国＝イラン、イル=ハン国＝南ロシア","キプチャク=ハン国＝イラン、チャガタイ=ハン国＝中央アジア、イル=ハン国＝南ロシア",a,"バトゥのキプチャク=ハン国は南ロシアの草原を支配し、ロシア諸公国を服属させた（「タタールのくびき」）。チャガタイ=ハン国は中央アジア、フラグのイル=ハン国はイランを支配した。これに大都を都とする元（大ハン国）を加えた緩やかな連合が帝国を構成した。","山川『詳説世界史』第8章"
,it.mongol.yuan_hierarchy.1,kc.mongol.yuan_hierarchy,"元の身分序列を、上位から順に並べたものはどれか。","モンゴル人 → 色目人 → 漢人 → 南人","漢人 → 南人 → モンゴル人 → 色目人","色目人 → モンゴル人 → 南人 → 漢人","南人 → 漢人 → 色目人 → モンゴル人",a,"モンゴル人が支配層、色目人（中央アジア・西アジア出身者）が財務などの実務を担った。漢人は旧金の支配下にあった華北の人々、南人は最後に征服された旧南宋領の人々を指し、最も低く置かれた。科挙は一時停止され、士大夫の登用の道は狭まった。","山川『詳説世界史』第8章"
,it.mongol.pax_mongolica.1,kc.mongol.pax_mongolica,"モンゴル帝国のもとで東西交流が活発になった理由として最も適切なものはどれか。","駅伝制（ジャムチ）で道路と宿駅が整備され、広い領域が一つの権力のもとで交易を保護されたから","各ハン国が独自の関税を設け、交易を厳しく管理したから","陸路が閉ざされ、海路だけが用いられるようになったから","モンゴルが交易を禁じ、朝貢のみを認めたから",a,"一定距離ごとに宿駅を置く駅伝制と牌符（通行証）により、使節と商人の往来が安全になった。マルコ=ポーロ、イブン=バットゥータ、プラノ=カルピニやルブルックといった使節が往来し、『世界の記述』『三大陸周遊記』が残された。この時期を「モンゴルの平和」と呼ぶ。","山川『詳説世界史』第8章"
,it.mongol.yuan_fall_causes.1,kc.mongol.yuan_fall_causes,"元が中国から退いた要因として最も適切なものはどれか。","交鈔（紙幣）の乱発による物価の混乱と、チベット仏教への過度な出費が財政を傾け、紅巾の乱をきっかけに崩れたから","モンゴル本土が他の遊牧民に占領され、退却せざるをえなかったから","科挙を全面的に実施した結果、漢人官僚が権力を握って追放したから","対外遠征に成功しすぎて領土が広がり、統治が行き届かなくなったから",a,"元は交鈔を乱発して信用を失い、チベット仏教（ラマ教）の寺院造営などの出費も財政を圧迫した。黄河の治水工事の負担も重なり、1351年に白蓮教徒による紅巾の乱が起こる。その中から出た朱元璋が明を建て、元は1368年にモンゴル高原へ退いた（北元）。","山川『詳説世界史』第8章"
,it.mongol.khanate_religion.1,kc.mongol.khanate_religion,"イル=ハン国とキプチャク=ハン国の宗教についての説明として正しいものはどれか。","どちらもやがてイスラーム教を受け入れたが、キプチャク=ハン国の支配下のロシアはギリシア正教を保った","どちらも仏教を国教とし、支配下の住民に改宗を強制した","イル=ハン国はキリスト教、キプチャク=ハン国はヒンドゥー教を受け入れた","どちらも最後までシャーマニズムを保ち、他の宗教を受け入れなかった",a,"イル=ハン国はガザン=ハンの代にイスラーム教を国教とし、キプチャク=ハン国もウズベク=ハンの代にイスラーム化した。一方、間接支配を受けたロシア諸公国は正教とその文化を保ち、モスクワ大公国がやがて自立していく。","山川『詳説世界史』第8章"
,it.crusade.first_crusade_causes.1,kc.crusade.first_crusade_causes,"第1回十字軍が起こされた要因として最も適切なものはどれか。","セルジューク朝に圧迫されたビザンツ皇帝が救援を求め、人口増加で土地を求める西欧の諸侯・騎士の事情と、教皇権を高めたい思惑が重なったから","イスラーム勢力が西欧に侵入し、パリを占領したから","ビザンツ帝国が滅亡し、その領土を回復する必要があったから","東方貿易が途絶え、香辛料が全く入らなくなったから",a,"1071年のマンジケルトの戦いでセルジューク朝に敗れたビザンツ皇帝が救援を要請し、教皇ウルバヌス2世が1095年のクレルモン宗教会議で聖地回復を呼びかけた。西欧側には人口増加による土地不足と、教皇が東西教会の首位に立ちたいという事情もあった。","山川『詳説世界史』第6章"
,it.crusade.expedition_order.1,kc.crusade.expedition_order,"十字軍についての説明として正しいものはどれか。","第1回はイェルサレムを奪回して王国を建てたが、第4回はヴェネツィア商人の意向でコンスタンティノープルを占領しラテン帝国を建てた","第1回は失敗し、第4回でようやくイェルサレムを回復した","すべての遠征がイスラーム勢力のみを相手とし、キリスト教国を攻撃したことはない","第4回でイェルサレムを回復し、以後は十字軍が行われなかった",a,"第1回（1096〜99年）はイェルサレムを奪回してイェルサレム王国を建てた。第3回はサラディンと戦ったが奪回できず、第4回（1202〜04年）は資金を出したヴェネツィアの思惑で同じキリスト教の都コンスタンティノープルを攻略した。1291年のアッコン陥落で聖地の拠点を失った。","山川『詳説世界史』第6章"
,it.crusade.consequences.1,kc.crusade.consequences,"十字軍がもたらした結果の説明として正しいものはどれか。","聖地回復には失敗したが、教皇の権威が傷つき諸侯・騎士が没落する一方で国王の権力が伸び、東方貿易が拡大した","教皇の権威がいっそう高まり、以後の西欧は教皇を頂点とする統一国家となった","諸侯と騎士が富を得て力を強め、国王の権力は弱まった","西欧とイスラーム世界の接触はなく、文化的な影響は生じなかった",a,"度重なる失敗で教皇の権威は失墜し、遠征の費用と戦死で諸侯・騎士は没落した。相対的に国王の権力が伸び、中央集権への道が開けた。またイタリア諸都市が東方貿易（レヴァント貿易）で栄え、イスラーム世界を通じて学問と物産が流入した。","山川『詳説世界史』第6章"
,it.crusade.two_trade_zones.1,kc.crusade.two_trade_zones,"中世ヨーロッパの2つの商業圏についての説明として正しいものはどれか。","地中海商業圏ではヴェネツィア・ジェノヴァが東方の香辛料や絹を扱い、北ヨーロッパ商業圏ではハンザ同盟が海産物・木材・穀物を扱った","地中海商業圏が木材と穀物を、北ヨーロッパ商業圏が香辛料と絹を扱った","両商業圏は交流がなく、内陸の交易路で結ばれることはなかった","北ヨーロッパ商業圏はイタリア諸都市が、地中海商業圏はハンザ同盟が支配した",a,"地中海商業圏はイタリア諸都市がムスリム商人から東方の物産を仕入れた（レヴァント貿易）。北ヨーロッパ商業圏はリューベックを盟主とするハンザ同盟が北海・バルト海で海産物・木材・穀物・毛織物を扱った。両者を結んだのがフランスのシャンパーニュ地方の定期市である。","山川『詳説世界史』第6章"
,it.crusade.trade_routes_geo.1,kc.crusade.trade_routes_geo,"中世ヨーロッパの都市と役割の組み合わせとして正しいものはどれか。","ヴェネツィア＝東方貿易の拠点、ブリュージュ＝フランドルの毛織物と北海交易の拠点、リューベック＝ハンザ同盟の盟主","ヴェネツィア＝ハンザ同盟の盟主、リューベック＝東方貿易の拠点","ブリュージュ＝地中海交易の拠点、ジェノヴァ＝バルト海交易の拠点","フィレンツェ＝バルト海の港市、リューベック＝毛織物工業の中心",a,"ヴェネツィア・ジェノヴァ・ピサは東方貿易で栄え、フィレンツェは毛織物と金融で栄えた。フランドル地方（現在のベルギー）のブリュージュ・ガン（ヘント）は毛織物生産と北海交易の中心。リューベックはハンザ同盟の盟主で、バルト海交易を押さえた。","山川『詳説世界史』第6章"
,it.crusade.manor_decline.1,kc.crusade.manor_decline,"荘園制が崩れていった過程の説明として正しいものはどれか。","貨幣経済の浸透で地代が生産物から貨幣に変わって農民の自立が進み、黒死病による人口減が労働力を貴重にして農民の地位をさらに高めた","貨幣経済によって領主が豊かになり、農奴への支配がかえって強まって荘園制が存続した","黒死病で農民が激減した結果、領主が農奴を増やして支配を強化した","農業技術が衰退して収穫が減り、荘園を維持できなくなった",a,"商業の復活で地代が生産物地代から貨幣地代へ移ると、農民は市場向けに生産して蓄財し、身分的な束縛から自立していった。14世紀半ばの黒死病で人口の3分の1が失われると労働力が不足し、農民の待遇は改善した。領主の再強化（封建反動）に対しては、ジャックリーの乱やワット=タイラーの乱が起きた。","山川『詳説世界史』第6章"
,it.medstate.papal_decline_order.1,kc.medstate.papal_decline_order,"教皇権に関わる出来事を、古いものから順に並べたものはどれか。","インノケンティウス3世の全盛 → アナーニ事件 → 教皇のバビロン捕囚 → 大シスマ → コンスタンツ公会議","アナーニ事件 → インノケンティウス3世の全盛 → 大シスマ → 教皇のバビロン捕囚","教皇のバビロン捕囚 → 大シスマ → アナーニ事件 → インノケンティウス3世の全盛","大シスマ → コンスタンツ公会議 → アナーニ事件 → 教皇のバビロン捕囚",a,"インノケンティウス3世（在位1198〜1216年）が教皇権の絶頂を築いた。1303年のアナーニ事件でフランス王フィリップ4世が教皇ボニファティウス8世を捕らえ、1309年から教皇庁がアヴィニョンへ移った（バビロン捕囚）。帰還後に2人の教皇が並立する大シスマとなり、1414年からのコンスタンツ公会議で収拾された。","山川『詳説世界史』第6章"
