approve,id,label,kind,unit_id,era_id,region_primary,region_others,year_from,year_to,year_precision,exam_weight,prereq_ids,why_confusable,note
○,kc.orient.mesopotamia_dynasty_order,メソポタミアの支配者交替の順序,chronology,wh.2.1.1,1,メソポタミア・イラン,,-3000,-330,century,1.2,,統一者が何度も入れ替わるため、アッカド・バビロン第1王朝・ミタンニ・カッシート・アッシリアの前後関係が定着しない,
○,kc.orient.egypt_kingdom_periods,エジプト古王国・中王国・新王国の区別,distinction,wh.2.1.1,1,エジプト・北アフリカ,,-2700,-1100,century,1.3,,ピラミッド建設・ヒクソス侵入・アマルナ改革がどの王国の出来事かを取り違える,
○,kc.orient.assyria_vs_achaemenid_rule,アッシリアとアケメネス朝の統治方法の違い,distinction,wh.2.1.1,1,メソポタミア・イラン,,-670,-330,century,1.5,,両者とも「オリエント統一」と教わるため、強制移住による強圧策と寛容策・サトラップ制の対比が問われる,
○,kc.orient.east_med_three_peoples,フェニキア人・アラム人・ヘブライ人の役割分担,distinction,wh.2.1.1,1,アナトリア・シリア,,-1200,-600,century,1.4,,同時期・近接地域の3民族で、海上交易／内陸中継／一神教という役割と文字の系統が混同される,
○,kc.orient.hammurabi_code_principle,ハンムラビ法典の同害復讐と身分差,fact,wh.2.1.1,1,メソポタミア・イラン,,-1792,-1750,exact,1.1,,「目には目を」だけを覚え、被害者の身分によって刑罰が異なるという点が抜ける,
○,kc.rome.christianity_official_steps,キリスト教公認から公会議までの順序,chronology,wh.2.1.3,1,南欧・地中海,アナトリア・シリア,313,451,exact,1.5,,公認・国教化・公会議が別の出来事であること、各公会議で排斥された説（アリウス派・ネストリウス派・単性論）との対応が崩れる,
○,kc.greece.polis_formation_causes,ポリスが成立し統一国家にならなかった要因,causal,wh.2.1.2,1,南欧・地中海,,-800,-500,century,1.2,,「なぜ小国分立のままだったか」を山がちな地形と植民市の建設から説明できない,
○,kc.greece.athens_democracy_steps,アテネ民主政の改革者と改革内容の順序,chronology,wh.2.1.2,1,南欧・地中海,,-621,-429,exact,1.6,,ドラコン・ソロン・ペイシストラトス・クレイステネス・ペリクレスと改革内容の対応が最頻出の失点。陶片追放はクレイステネス,
○,kc.greece.athens_vs_sparta,アテネとスパルタの政体・軍制・社会構造の違い,distinction,wh.2.1.2,1,南欧・地中海,,-700,-400,century,1.4,kc.greece.athens_democracy_steps,対比が定番。ヘイロータイとペリオイコイの身分の違い、リュクルゴスの制が問われる,
○,kc.greece.persian_war_to_peloponnesian,ペルシア戦争の勝利がペロポネソス戦争を招いた因果,causal,wh.2.1.2,1,南欧・地中海,メソポタミア・イラン,-500,-404,exact,1.5,kc.greece.athens_vs_sparta,「勝ったのに衰退した」流れを、デロス同盟の資金流用とアテネの帝国化から説明できない,
○,kc.greece.hellenistic_kingdoms_geo,ヘレニズム3王国の版図,geo,wh.2.1.2,1,アナトリア・シリア,エジプト・北アフリカ;南欧・地中海,-323,-30,exact,1.2,,アンティゴノス朝＝マケドニア、セレウコス朝＝シリア、プトレマイオス朝＝エジプトの対応が入れ替わる,
○,kc.rome.plebeian_rights_causes,重装歩兵としての従軍が平民の地位を高めた因果,causal,wh.2.1.3,1,南欧・地中海,,-494,-287,exact,1.3,,十二表法・リキニウス=セクスティウス法・ホルテンシウス法を暗記するだけで、なぜ譲歩が引き出せたのかを落とす,
○,kc.rome.gracchus_to_principate,共和政の崩壊から元首政の成立までの因果,causal,wh.2.1.3,1,南欧・地中海,,-133,-27,exact,1.6,kc.rome.plebeian_rights_causes,中小農民の没落・グラックス兄弟・内乱の1世紀・三頭政治と続く因果が長く、途中で順序が飛ぶ,
○,kc.rome.principate_vs_dominate,元首政と専制君主政の違い,distinction,wh.2.1.3,1,南欧・地中海,,-27,284,exact,1.4,kc.rome.gracchus_to_principate,どちらも「皇帝」で一括りにされ、アウグストゥスとディオクレティアヌスの統治原理の差が消える,
○,kc.india.indus_vs_aryan,インダス文明とアーリヤ人社会の断絶,distinction,wh.2.2.1,1,南アジア,,-2600,-600,century,1.3,,「古代インド」で一括りにされ、担い手も時期も異なること（都市計画・未解読文字／ヴェーダ・ヴァルナ）が見えない,
○,kc.india.varna_jati_structure,ヴァルナとジャーティの関係,fact,wh.2.2.1,1,南アジア,,-1000,0,century,1.3,kc.india.indus_vs_aryan,ヴァルナ（4身分）とカースト（ジャーティ＝職業集団）を同一のものとして覚えてしまう,
○,kc.india.new_religions_vs_brahmanism,仏教・ジャイナ教とバラモン教の対立点,distinction,wh.2.2.1,1,南アジア,,-500,-400,century,1.4,kc.india.varna_jati_structure,2つの新宗教の共通点（ヴァルナ否定・不殺生）と相違点（苦行の位置づけ）が整理されない,
○,kc.india.maurya_kushana_gupta,マウリヤ朝・クシャーナ朝・グプタ朝の宗教政策,distinction,wh.2.2.1,1,南アジア,,-317,550,century,1.5,,アショーカ王＝仏教保護、カニシカ王＝大乗仏教、グプタ朝＝ヒンドゥー教の定着という対応が入れ替わる,
○,kc.india.mahayana_vs_theravada,大乗仏教と上座部仏教の教義と伝播経路,distinction,wh.2.2.1,1,南アジア,中央アジア;東南アジア,0,500,century,1.5,kc.india.new_religions_vs_brahmanism,北伝／南伝の経路と、到達した地域（東アジア／東南アジア）が逆になる,
○,kc.sea.indianization_causes,季節風交易がインド文化の流入を生んだ因果,causal,wh.2.2.2,1,東南アジア,南アジア,100,800,century,1.1,,東南アジアの「インド化」が軍事的征服ではなく交易を通じた受容であることを押さえていない,
○,kc.sea.port_polities_geo,扶南・チャンパー・シュリーヴィジャヤ・アンコールの位置,geo,wh.2.2.2,1,東南アジア,,100,1400,century,1.2,kc.sea.indianization_causes,港市国家の地理比定が定番。メコン下流／ベトナム中部／スマトラ／カンボジアの対応,
○,kc.sea.angkor_and_pagan,アンコール朝とパガン朝の信仰した宗教,fact,wh.2.2.2,1,東南アジア,,849,1431,century,1.0,kc.sea.port_polities_geo,遺跡名・王朝名・宗教（ヒンドゥー教から上座部仏教への転換／上座部仏教）の3つの対応が崩れる,
○,kc.china.fengjian_vs_junxian,周の封建制と秦の郡県制の違い,distinction,wh.2.3.1,1,中国,,-1046,-206,century,1.6,,「封建」が中国とヨーロッパで意味が異なることも含めて頻出。血縁に基づくか官僚を派遣するかの差,
○,kc.china.hundred_schools_positions,諸子百家の学派と主張の対応,distinction,wh.2.3.1,1,中国,,-550,-230,century,1.4,,孔子・孟子・荀子・韓非・老子・荘子・墨子と、儒家・法家・道家・墨家および性善説／性悪説の対応が崩れる,
○,kc.china.qin_unification_causes,秦が中国を統一できた要因,causal,wh.2.3.1,1,中国,,-356,-221,exact,1.3,kc.china.fengjian_vs_junxian,「なぜ秦だったのか」を商鞅の変法と関中の地理的条件から説明できない,
○,kc.china.qin_fall_causes,秦が短期間で崩壊した要因,causal,wh.2.3.1,1,中国,,-221,-206,exact,1.3,kc.china.qin_unification_causes,統一から滅亡まで15年という短さの理由（法治の峻厳・大規模土木・陳勝呉広の乱）が言えない,
○,kc.china.han_junguo_to_junxian,郡国制から実質的な郡県制への移行,causal,wh.2.3.1,1,中国,,-202,-141,exact,1.4,kc.china.qin_fall_causes,前漢の統治体制が呉楚七国の乱を境に変わることが抜け、秦＝郡県／漢＝郡国で固定される,
○,kc.china.wudi_policies,武帝の内政・外交政策,fact,wh.2.3.1,1,中国,モンゴル高原;中央アジア,-141,-87,exact,1.5,kc.china.han_junguo_to_junxian,郷挙里選・均輸平準・塩鉄専売・張騫派遣・儒学の官学化と制度名が多く、後代の科挙や両税法と混ざる,
○,kc.china.division_period_order,黄巾の乱から南北朝までの分裂期の順序,chronology,wh.2.3.2,1,中国,,184,589,exact,1.5,,三国・西晋・八王の乱・五胡十六国・南北朝と続く順序が、中国史のなかで最も崩れやすい,
○,kc.china.northern_wei_sinicization,孝文帝の漢化政策と均田制の導入,causal,wh.2.3.2,1,中国,,485,494,exact,1.4,kc.china.division_period_order,均田制の起点が北魏であることを、唐の制度から遡って理解していない,
○,kc.china.tang_system_collapse,均田制・租調庸・府兵制の崩壊が両税法・募兵制を生んだ因果,causal,wh.2.3.2,1,中国,,624,780,exact,1.6,kc.china.northern_wei_sinicization,3つの制度が一組であることと、安史の乱を境に一斉に転換する因果がつながらない,
○,kc.china.sui_vs_tang_institutions,隋と唐の制度の連続と相違,distinction,wh.2.3.2,1,中国,,581,907,exact,1.4,,科挙の開始・大運河の建設という隋の業績が、唐のものとして記憶される,
○,kc.eastasia.tang_cultural_sphere,東アジア文化圏を成り立たせた4要素,fact,wh.2.3.3,1,東アジア,朝鮮;日本,600,900,century,1.3,kc.china.sui_vs_tang_institutions,漢字・儒教・仏教・律令という4要素の列挙と、朝鮮・日本・ベトナムへの伝播が結びつかない,
○,kc.eastasia.korea_dynasty_order,朝鮮の王朝交替の順序,chronology,wh.2.3.3,1,朝鮮,中国,-100,1392,century,1.2,kc.eastasia.tang_cultural_sphere,高句麗・百済・新羅から新羅統一・高麗・朝鮮に至る順序が、同時期の中国王朝と対応づけられない,
○,kc.innerasia.nomad_vs_oasis,遊牧国家とオアシス都市国家の関係,distinction,wh.2.4.1,1,中央アジア,モンゴル高原,-200,1200,century,1.2,,内陸アジアを「遊牧民だけ」と捉え、軍事力と交易・農業が補い合う共生関係が見えない,
○,kc.innerasia.xiongnu_and_han,匈奴の圧力が漢の対外政策を規定した因果,causal,wh.2.4.1,1,モンゴル高原,中国,-209,-87,exact,1.4,kc.innerasia.nomad_vs_oasis,匈奴を「漢に攻められた側」としてしか見ず、和親策から武帝の攻勢への転換の理由を落とす,
○,kc.innerasia.turk_and_uighur,突厥・ウイグルと唐の関係,fact,wh.2.4.1,1,モンゴル高原,中国,552,840,exact,1.1,kc.innerasia.xiongnu_and_han,突厥の東西分裂と、ウイグルが安史の乱で唐を援助したことの前後関係,
○,kc.trade.three_routes_geo,オアシスの道・草原の道・海の道の経路,geo,wh.2.4.2,1,中央アジア,モンゴル高原;東南アジア,-100,1500,century,1.3,,3ルートの通過地域が入れ替わる。草原の道が北、オアシスの道がタリム盆地経由という対応,
○,kc.trade.sogdian_role,ソグド人の交易と文化仲介,fact,wh.2.4.2,1,中央アジア,中国,400,800,century,1.1,kc.trade.three_routes_geo,イラン系であること、唐に多く居住し安禄山の出自にも関わることが抜ける,
○,kc.trade.buddhism_transmission_order,仏教がインドから日本へ伝わった順序,chronology,wh.2.4.2,1,中央アジア,南アジア;中国;朝鮮,-100,538,century,1.2,kc.india.mahayana_vs_theravada,伝播の順序（インド→中央アジア→中国→朝鮮→日本）と、各地への到達時期がつながらない,
○,kc.islam.hijra_and_umma,ヒジュラとウンマの成立,fact,wh.2.5.1,1,アラビア半島,,622,622,exact,1.3,,イスラーム暦の起点がヒジュラ（622年のメディナ移住）であることが、ムハンマドの生誕や啓示と混ざる,
○,kc.islam.rashidun_vs_umayyad_succession,正統カリフ時代とウマイヤ朝のカリフ選出方法の違い,distinction,wh.2.5.1,1,アラビア半島,,632,750,exact,1.4,kc.islam.hijra_and_umma,選挙による選出から世襲への転換が、スンナ派とシーア派の分裂と結びつかない,
○,kc.islam.sunni_vs_shia_origin,スンナ派とシーア派が分かれた原因,causal,wh.2.5.1,1,メソポタミア・イラン,アラビア半島,656,680,exact,1.6,kc.islam.rashidun_vs_umayyad_succession,教義の違いから説明しようとして、カリフ位の継承をめぐる政治的対立という起点を落とす,
○,kc.islam.arab_conquest_causes,大征服が短期間で成功した要因,causal,wh.2.5.1,1,アラビア半島,メソポタミア・イラン;エジプト・北アフリカ,634,750,exact,1.4,kc.islam.hijra_and_umma,「宗教的情熱」だけで説明し、ビザンツとササン朝の疲弊や被征服民への待遇という条件を落とす,
○,kc.islam.umayyad_vs_abbasid,ウマイヤ朝とアッバース朝の支配原理の違い,distinction,wh.2.5.2,1,メソポタミア・イラン,アナトリア・シリア,661,1258,exact,1.8,kc.islam.rashidun_vs_umayyad_succession,最頻出の混同。首都（ダマスクス／バグダード）、アラブ人の特権の有無、ジズヤとハラージュの課税対象が入れ替わる,
○,kc.islam.abbasid_decline_order,アッバース朝の実権喪失からスルタンの出現までの順序,chronology,wh.2.5.2,1,メソポタミア・イラン,,945,1055,exact,1.4,kc.islam.umayyad_vs_abbasid,ブワイフ朝の大アミールとセルジューク朝のスルタンの前後関係、カリフとスルタンの権限分離の経緯,
○,kc.islam.three_caliphates_geo,10世紀に3人のカリフが並立した位置,geo,wh.2.5.2,1,エジプト・北アフリカ,メソポタミア・イラン;南欧・地中海,909,1031,exact,1.3,kc.islam.umayyad_vs_abbasid,アッバース朝＝バグダード、ファーティマ朝＝カイロ、後ウマイヤ朝＝コルドバの対応が定着しない,
○,kc.islam.fatimid_vs_ayyubid,ファーティマ朝とアイユーブ朝の宗派の違い,distinction,wh.2.5.2,1,エジプト・北アフリカ,,909,1250,exact,1.3,kc.islam.three_caliphates_geo,サラディンがファーティマ朝を倒したことが、シーア派政権からスンナ派政権への転換である点が見えない,
○,kc.islam.iqta_system,イクター制の内容と開始時期,fact,wh.2.5.2,1,メソポタミア・イラン,,946,1200,century,1.3,kc.islam.abbasid_decline_order,現物給与から分与地（徴税権）への転換であること、ブワイフ朝で始まりセルジューク朝が広めたこと,
○,kc.islam.transmission_to_europe,イスラーム経由でギリシア古典がヨーロッパへ再流入した因果,causal,wh.2.5.2,1,南欧・地中海,西欧;エジプト・北アフリカ,1085,1200,century,1.3,,12世紀ルネサンスの前提として問われるが、トレド・シチリアという翻訳の場が結びつかない,
○,kc.euro.germanic_migration_causes,ゲルマン人の大移動を引き起こした要因,causal,wh.2.6.1,1,西欧,東欧・ロシア,375,476,exact,1.4,,フン人の西進という契機と、西ローマ帝国の滅亡との時間的な関係がつながらない,
○,kc.euro.frank_conversion_significance,クローヴィスの改宗が持った意味,causal,wh.2.6.1,1,西欧,,496,496,exact,1.5,kc.euro.germanic_migration_causes,他のゲルマン諸国家がアリウス派だったという対比が抜け、アタナシウス派改宗がローマ系住民との融合を可能にした点を落とす,
○,kc.euro.carolingian_coronation_meaning,カールの戴冠が意味したもの,causal,wh.2.6.1,1,西欧,東欧・ロシア,800,800,exact,1.6,kc.euro.frank_conversion_significance,年号は覚えていても、西ローマ帝国の復興・ビザンツとの対立・教皇と皇帝の相互依存という政治的意味が説明できない,
○,kc.euro.verdun_and_mersen,ヴェルダン条約とメルセン条約の結果,chronology,wh.2.6.1,1,西欧,,843,870,exact,1.4,kc.euro.carolingian_coronation_meaning,2条約の順序と、どちらで独・仏・伊の原型ができたかが入れ替わる,
○,kc.euro.orthodox_vs_catholic,ギリシア正教とローマ=カトリックの違い,distinction,wh.2.6.2,1,東欧・ロシア,西欧,726,1054,exact,1.5,,東西教会の対立点が聖像禁止令だけに集約されがちで、皇帝教皇主義という統治構造の差が抜ける,
○,kc.euro.byzantine_institutions,ビザンツ帝国の軍管区制と屯田兵制,fact,wh.2.6.2,1,東欧・ロシア,,610,1071,century,1.2,kc.euro.orthodox_vs_catholic,ユスティニアヌス以後の体制変化であること、プロノイア制への移行との前後関係,
○,kc.euro.slav_division_geo,東・西・南スラヴの分布と受容した宗派,geo,wh.2.6.2,1,東欧・ロシア,,800,1200,century,1.3,kc.euro.orthodox_vs_catholic,民族の分布と、正教／カトリックの境界が一致しない箇所（ポーランド・クロアティア）で誤る,
○,kc.euro.feudal_two_layers,封建的主従関係と荘園制の違い,distinction,wh.2.6.3,1,西欧,,800,1300,century,1.5,,「封建制」が主従関係（騎士）と土地制度（農奴）の2層からなることが混ざり、双務的契約という特徴を落とす,
○,kc.euro.investiture_controversy,聖職叙任権闘争の経緯と決着,causal,wh.2.6.3,1,西欧,南欧・地中海,1075,1122,exact,1.5,kc.euro.feudal_two_layers,クリュニー修道院の改革が起点であること、カノッサの屈辱とヴォルムス協約で優劣がどう動いたか,
○,kc.euro.agricultural_growth_effects,農業技術の普及が中世の拡大を支えた因果,causal,wh.2.6.3,1,西欧,,1000,1300,century,1.3,kc.euro.feudal_two_layers,三圃制・重量有輪犂の話が政治史と切り離され、人口増加・大開墾・十字軍につながる因果が見えない,
,kc.prehist.hominid_stages,猿人・原人・旧人・新人の区別,distinction,wh.1.1.1,1,サハラ以南アフリカ,西欧;東アジア,,,unknown,0.9,,化石人類の名（アウストラロピテクス・ジャワ原人・ネアンデルタール人・クロマニョン人）と段階の対応が崩れ、直立二足歩行・火の使用・埋葬・洞穴絵画がどの段階の特徴かも入れ替わる,
,kc.prehist.human_dispersal_geo,新人がアフリカから拡散した経路,geo,wh.1.1.1,1,サハラ以南アフリカ,西アジア;東アジア;アメリカ,,,unknown,0.8,kc.prehist.hominid_stages,出アフリカの起点と、ベーリング海峡を渡ってアメリカ大陸へ到達したのが最後だという順序が地図上で結びつかない,
,kc.prehist.bipedalism_effects,直立二足歩行が人類にもたらした変化,causal,wh.1.1.1,1,サハラ以南アフリカ,,,,unknown,0.8,,「手が自由になった」で止まり、道具の製作・脳容量の増大・出産様式の変化という連鎖として説明できない,
,kc.prehist.fire_burial_art,火の使用・埋葬・洞穴絵画の担い手,fact,wh.1.1.1,1,サハラ以南アフリカ,西欧;東アジア,,,unknown,0.8,kc.prehist.hominid_stages,火の使用が原人、死者の埋葬が旧人、ラスコー・アルタミラの洞穴絵画が新人という対応が入れ替わる,
,kc.prehist.stone_age_division,旧石器・中石器・新石器の区分基準,distinction,wh.1.1.1,1,西アジア,西欧,,,unknown,0.8,,区分の基準が石器の製法（打製／磨製）であることと、細石器を特徴とする中石器時代が間に挟まることが抜ける,
,kc.neolithic.food_production_causes,獲得経済から生産経済へ転換した要因,causal,wh.1.1.2,1,西アジア,,-9000,-8000,century,1.0,,「農耕が始まった」と暗記するだけで、氷期の終了による環境変化と麦・羊の原生地という条件が結びつかない,
,kc.neolithic.neolithic_toolkit,新石器時代を特徴づける道具,fact,wh.1.1.2,1,西アジア,,-9000,-3000,century,0.9,kc.prehist.stone_age_division,磨製石器・土器・織物という組み合わせが、のちの金属器の使用開始と時期的に混ざる,
,kc.neolithic.fertile_crescent_geo,農耕の起源地とその伝播,geo,wh.1.1.2,1,アナトリア・シリア,メソポタミア・イラン;エジプト・北アフリカ;南欧・地中海,-9000,-4000,century,1.0,kc.neolithic.food_production_causes,肥沃な三日月地帯がどこを指すかと、そこから地中海・ヨーロッパへ農耕が広がった経路が地図上であいまいなまま,
,kc.neolithic.irrigation_to_state,灌漑農業が階級と国家を生んだ因果,causal,wh.1.1.2,1,メソポタミア・イラン,エジプト・北アフリカ,-4000,-3000,century,1.2,kc.neolithic.food_production_causes,余剰生産→分業→階級→都市国家という連鎖が、「四大文明」の場所と川の名の暗記に置き換わる,
,kc.neolithic.metal_age_order,石器から青銅器・鉄器へ移る順序,chronology,wh.1.1.2,1,西アジア,アナトリア・シリア,-3000,-1200,century,1.0,kc.neolithic.neolithic_toolkit,青銅器と鉄器の前後関係と、ヒッタイトによる鉄器の独占が崩れて普及したという位置づけが混ざる,
,kc.source.primary_vs_secondary,一次史料と二次史料の区別,distinction,wh.1.2.1,1,西欧,,,,unknown,0.8,,「同時代に作られたか」という基準が、「信頼できるか」という価値判断と混同される,
,kc.source.material_vs_written,文字史料と考古資料でわかることの違い,distinction,wh.1.2.1,1,西アジア,,,,unknown,0.7,kc.source.primary_vs_secondary,文字を持たない社会は「わからない」と扱われ、遺構・遺物から生活を復元する方法が視野に入らない,
,kc.source.bias_in_records,記録が残る側に偏る理由,causal,wh.1.2.1,1,西欧,,,,unknown,0.8,kc.source.primary_vs_secondary,史料が権力者と識字層の側から書かれるため、民衆や女性の姿が見えにくいという構造が意識されない,
,kc.source.periodization_problem,時代区分が地域ごとに一致しないこと,distinction,wh.1.2.1,1,西欧,中国,,,unknown,0.9,,ヨーロッパ史の古代・中世・近代という区分を、中国史やイスラーム史にそのまま当てはめてしまう,
,kc.turkiran.samanid_to_ghaznavid,イラン系・トルコ系王朝の交替順序,chronology,wh.3.1.1,1,中央アジア,メソポタミア・イラン;南アジア,875,1187,exact,1.3,kc.islam.abbasid_decline_order,サーマーン朝（イラン系）からカラハン朝・ガズナ朝（トルコ系）への交替という系統の変化と、それぞれの中心地が崩れる,
,kc.turkiran.turkification_causes,中央アジアがトルコ化・イスラーム化した要因,causal,wh.3.1.1,1,中央アジア,,840,1000,century,1.4,,マムルーク（軍人奴隷）としての流入と、カラハン朝の集団改宗という2つの経路が結びつかない,
,kc.turkiran.seljuk_sultanate,セルジューク朝がスルタン位を得た経緯,fact,wh.3.1.1,1,メソポタミア・イラン,アナトリア・シリア,1038,1157,exact,1.5,kc.islam.abbasid_decline_order,ブワイフ朝を追ってバグダードに入りカリフからスルタンの称号を得たという順序が、アッバース朝そのものの滅亡と混ざる,
,kc.turkiran.mamluk_and_iqta,マムルークとイクター制の結びつき,distinction,wh.3.1.1,1,エジプト・北アフリカ,メソポタミア・イラン,946,1250,century,1.3,kc.islam.iqta_system,軍人奴隷という身分と、その給与として与えられた徴税権という制度が、別々の話として覚えられる,
,kc.turkiran.anatolia_turkification_geo,トルコ系勢力がアナトリアへ進出した範囲,geo,wh.3.1.1,1,アナトリア・シリア,中央アジア;東欧・ロシア,1071,1300,exact,1.4,kc.turkiran.seljuk_sultanate,マンジケルトの戦いを境にアナトリアがトルコ化したことと、現在のトルコ共和国の位置が地図上で結びつかない,
,kc.turkiran.ghaznavid_india_causes,ガズナ朝の侵入が北インドに与えた影響,causal,wh.3.1.1,1,南アジア,中央アジア,998,1206,exact,1.3,kc.turkiran.samanid_to_ghaznavid,略奪を目的としたガズナ朝の侵入と、支配のために進出したゴール朝・奴隷王朝の違いが区別されない,
,kc.islamize.delhi_sultanate_order,デリー=スルタン朝5王朝の順序,chronology,wh.3.1.2,1,南アジア,,1206,1526,exact,1.3,kc.turkiran.ghaznavid_india_causes,奴隷王朝・ハルジー朝・トゥグルク朝・サイイド朝・ロディー朝の順序と、どこからムガル帝国になるかの境目が崩れる,
,kc.islamize.bhakti_and_sufism,インドでイスラームが民衆に定着した経路,causal,wh.3.1.2,1,南アジア,,1200,1600,century,1.4,kc.islamize.delhi_sultanate_order,支配層の宗教という側面だけで見て、スーフィズムとバクティ信仰が接近したという民衆レベルの経路を落とす,
,kc.islamize.sea_route_islam_geo,東南アジアがイスラーム化した順序と範囲,geo,wh.3.1.2,1,東南アジア,南アジア,1290,1600,century,1.4,kc.sea.port_polities_geo,マラッカ王国を軸にスマトラ→マレー半島→ジャワへ広がった経路と、上座部仏教が残る大陸部との境界が地図で描けない,
,kc.islamize.west_africa_states,ガーナ・マリ・ソンガイ王国の違い,distinction,wh.3.1.2,1,サハラ以南アフリカ,エジプト・北アフリカ,700,1591,century,1.3,,3王国が同じ地域で交替することと、マリ王国のマンサ=ムーサの巡礼で知られるようになった点が混ざる,
,kc.islamize.swahili_coast_geo,東アフリカ海岸の海港都市の位置,geo,wh.3.1.2,1,サハラ以南アフリカ,アラビア半島;南アジア,1000,1500,century,1.1,,マリンディ・モンバサ・キルワの位置と、インド洋交易・スワヒリ語の成立が結びつかない,
,kc.islamize.sufi_role,スーフィーが布教で果たした役割,fact,wh.3.1.2,1,南アジア,東南アジア;サハラ以南アフリカ,1100,1600,century,1.2,kc.islamize.bhakti_and_sufism,神秘主義という教義面だけを覚え、商人層とともに辺境社会へ浸透した担い手だった点が抜ける,
,kc.song.civil_supremacy_causes,文治主義が軍事的弱体を招いた因果,causal,wh.3.2.1,1,中国,,960,1127,exact,1.6,kc.china.tang_system_collapse,節度使の抑制と科挙の整備という合理的な選択が、遼・西夏への歳幣という帰結につながる筋が見えない,
,kc.song.northern_peoples,遼・西夏・金の民族と文字,distinction,wh.3.2.1,1,モンゴル高原,中国,916,1234,exact,1.5,,契丹（遼）・タングート（西夏）・女真（金）の対応と、いずれも独自の文字を作ったという共通点が入れ替わる,
,kc.song.wang_anshi_reform,王安石の新法の内容と挫折,fact,wh.3.2.1,1,中国,,1069,1085,exact,1.4,kc.song.civil_supremacy_causes,青苗法・募役法・市易法・保甲法それぞれの目的が混ざり、旧法党との対立で挫折した経緯が抜ける,
,kc.song.north_to_south_geo,北宋と南宋の領域の違い,geo,wh.3.2.1,1,中国,モンゴル高原,960,1279,exact,1.4,kc.song.northern_peoples,靖康の変で華北を失い淮河が境界になったことと、都が開封から臨安へ移ったことが地図上で結びつかない,
,kc.song.economic_revolution,江南の開発と商業の発展が生んだ変化,causal,wh.3.2.1,1,中国,,960,1279,century,1.5,,占城稲・交子・行と作・鎮の登場が個別の暗記になり、経済の重心が南へ移るという流れとして捉えられない,
,kc.song.scholar_officials,士大夫と門閥貴族の違い,distinction,wh.3.2.1,1,中国,,960,1279,century,1.3,kc.song.civil_supremacy_causes,唐までの貴族と宋以後の士大夫が同じ支配層として扱われ、科挙によって再生産されるという違いが消える,
,kc.mongol.expansion_order,モンゴルの征服とウルス成立の順序,chronology,wh.3.2.2,1,モンゴル高原,中央アジア;メソポタミア・イラン;東欧・ロシア,1206,1279,exact,1.6,,チンギス=ハン・オゴタイ・フビライの代と、ワールシュタットの戦い・アッバース朝滅亡・南宋滅亡の対応が崩れる,
,kc.mongol.four_khanates_geo,4ハン国の位置,geo,wh.3.2.2,1,中央アジア,東欧・ロシア;メソポタミア・イラン,1240,1502,exact,1.5,kc.mongol.expansion_order,キプチャク（南ロシア）・チャガタイ（中央アジア）・イル（イラン）の対応が地図上で入れ替わる,
,kc.mongol.yuan_hierarchy,元の身分序列,fact,wh.3.2.2,1,中国,モンゴル高原,1271,1368,exact,1.4,kc.mongol.expansion_order,モンゴル人・色目人・漢人・南人という4区分の順序と、漢人（旧金領）と南人（旧南宋領）の違いが混ざる,
,kc.mongol.pax_mongolica,ユーラシアの東西交流が活発化した要因,causal,wh.3.2.2,1,中央アジア,中国;西欧,1240,1350,century,1.5,kc.mongol.four_khanates_geo,駅伝制（ジャムチ）と交易保護という制度面が、マルコ=ポーロやイブン=バットゥータの往来と結びつかない,
,kc.mongol.yuan_fall_causes,元が短期間で中国から退いた要因,causal,wh.3.2.2,1,中国,モンゴル高原,1351,1368,exact,1.3,kc.mongol.yuan_hierarchy,交鈔の乱発とチベット仏教への浪費、紅巾の乱という内的要因が、単に「漢民族の反発」で片づけられる,
,kc.mongol.khanate_religion,イル=ハン国とキプチャク=ハン国の宗教的帰結,distinction,wh.3.2.2,1,メソポタミア・イラン,東欧・ロシア,1258,1502,century,1.2,kc.mongol.four_khanates_geo,どちらもイスラーム化したことと、支配下のロシアが正教を保ったままだったことの対比が抜ける,
,kc.crusade.first_crusade_causes,十字軍が起こされた要因,causal,wh.3.3.1,1,西欧,アナトリア・シリア,1071,1099,exact,1.5,kc.euro.agricultural_growth_effects,聖地回復という名目だけを覚え、セルジューク朝に押されたビザンツ皇帝の救援要請と、人口増加による土地不足という西欧側の事情が抜ける,
,kc.crusade.expedition_order,主要な十字軍の回次と結果,chronology,wh.3.3.1,1,南欧・地中海,アナトリア・シリア,1096,1291,exact,1.4,kc.crusade.first_crusade_causes,第1回の成功（イェルサレム王国の建国）と、第4回がコンスタンティノープルを占領したという例外が、回次と結びつかない,
,kc.crusade.consequences,十字軍が結果として変えたもの,causal,wh.3.3.1,1,西欧,南欧・地中海,1096,1300,century,1.6,kc.crusade.expedition_order,「失敗した」で終わり、教皇権の失墜・諸侯騎士の没落・国王権の伸長・東方貿易の拡大という帰結が並べられない,
,kc.crusade.two_trade_zones,地中海商業圏と北ヨーロッパ商業圏の違い,distinction,wh.3.3.1,1,南欧・地中海,西欧;北欧,1100,1400,century,1.4,,ヴェネツィア・ジェノヴァが扱う東方物産と、ハンザ同盟が扱う海産物・木材・穀物が入れ替わり、シャンパーニュが両者を結ぶ位置だという役割も落ちる,
,kc.crusade.trade_routes_geo,東方貿易と内陸交易路の結節点,geo,wh.3.3.1,1,南欧・地中海,西欧;アナトリア・シリア,1100,1400,century,1.3,kc.crusade.two_trade_zones,ヴェネツィア・ジェノヴァ・フィレンツェ・ブリュージュ・リューベックの位置と役割が地図上で結びつかない,
,kc.crusade.manor_decline,貨幣経済の浸透が荘園制を崩した因果,causal,wh.3.3.1,1,西欧,,1200,1400,century,1.5,kc.euro.feudal_two_layers,地代が生産物から貨幣に変わったことが農奴の解放につながる筋が、黒死病による人口減という別の要因と切り離される,
,kc.medstate.papal_decline_order,教皇権の絶頂から衰退までの順序,chronology,wh.3.3.2,1,西欧,南欧・地中海,1198,1417,exact,1.5,kc.euro.investiture_controversy,インノケンティウス3世の絶頂・アナーニ事件・教皇のバビロン捕囚・大シスマ・コンスタンツ公会議の順序が崩れる,
,kc.medstate.parliament_vs_etats,イギリス議会とフランス三部会の違い,distinction,wh.3.3.2,1,西欧,,1265,1302,exact,1.5,,シモン=ド=モンフォールの議会・模範議会（イギリス）と三部会（フランス）の成立事情が逆になり、大憲章との前後関係も崩れる,
,kc.medstate.hundred_years_war,百年戦争が両国の王権を強めた因果,causal,wh.3.3.2,1,西欧,,1339,1453,exact,1.5,kc.medstate.parliament_vs_etats,開戦の理由（フランドルとギエンヌ）と、結果として諸侯騎士が没落し常備軍・官僚制が育つという因果が結びつかない,
,kc.medstate.hre_vs_france,神聖ローマ帝国とフランス王権の集権度の違い,distinction,wh.3.3.2,1,西欧,,1250,1500,century,1.4,kc.medstate.hundred_years_war,金印勅書が分権を固定したドイツと、集権化が進んだフランスが、同じ時期に逆方向へ動いたという対比が抜ける,
,kc.medstate.europe_1500_geo,15世紀末のヨーロッパ主要国の版図,geo,wh.3.3.2,1,西欧,南欧・地中海;東欧・ロシア,1450,1500,century,1.3,kc.medstate.hre_vs_france,イベリア半島のレコンキスタ完了・モスクワ大公国の自立・神聖ローマ帝国の分立状態を、同じ地図の上に置けない,
,kc.medstate.reconquista,レコンキスタがスペイン王国を生んだ因果,causal,wh.3.3.2,1,南欧・地中海,西欧,1085,1492,exact,1.4,,国土回復運動が1492年のグラナダ陥落で完了したことと、同じ年のコロンブス出航が同一の王権の事業だという関係が見えない,
,kc.medcult.black_death_effects,黒死病が社会構造を変えた因果,causal,wh.3.3.3,1,西欧,南欧・地中海,1347,1400,exact,1.6,kc.crusade.manor_decline,人口の激減→労働力不足→農民の地位向上→領主の反動→ジャックリーの乱・ワット=タイラーの乱という連鎖として説明できない,
,kc.medcult.realism_vs_nominalism,スコラ学の実在論と唯名論,distinction,wh.3.3.3,1,西欧,,1100,1350,century,1.3,,アンセルムス（実在論）とアベラール・オッカム（唯名論）の対応が入れ替わり、普遍論争が信仰と理性の関係をめぐる問題だという枠組みも抜ける,
,kc.medcult.medieval_universities,中世大学の成立と得意分野,fact,wh.3.3.3,1,西欧,南欧・地中海,1088,1300,century,1.2,kc.medcult.realism_vs_nominalism,ボローニャ（法学）・サレルノ（医学）・パリ（神学）という対応が入れ替わり、教授と学生の組合から生まれたという成り立ちも落ちる,
,kc.medcult.romanesque_vs_gothic,ロマネスクとゴシックの違い,distinction,wh.3.3.3,1,西欧,,1000,1400,century,1.2,,半円アーチ・厚い壁・小さい窓（ロマネスク）と尖頭アーチ・飛び梁・ステンドグラス（ゴシック）の対応と、代表建築が混ざる,
,kc.medcult.wyclif_and_hus,教会批判が宗教改革の先駆となった経緯,causal,wh.3.3.3,1,西欧,東欧・ロシア,1376,1415,exact,1.4,kc.medstate.papal_decline_order,ウィクリフとフスが聖書に立ち返るよう説いたことと、コンスタンツ公会議で異端とされたことが、100年後のルターと切り離される,
,kc.mingqing.ming_vs_qing_rule,明と清の中国支配の方法の違い,distinction,wh.3.4.1,2,中国,モンゴル高原,1368,1912,exact,1.6,,漢民族王朝（明）と征服王朝（清）の違いが、清の懐柔策（科挙の継続・満漢併用制）と威圧策（辮髪・文字の獄）の両面として説明できない,
,kc.mingqing.haijin_and_tribute,明の海禁と朝貢体制,fact,wh.3.4.1,2,中国,東南アジア,1368,1567,exact,1.5,kc.mingqing.ming_vs_qing_rule,民間貿易の禁止と朝貢貿易の推進が一体の政策であることと、鄭和の遠征がその枠内の事業だったことが結びつかない,
,kc.mingqing.tax_silver_reform,一条鞭法と地丁銀が生まれた因果,causal,wh.3.4.1,2,中国,ラテンアメリカ,1581,1717,exact,1.5,kc.mingqing.haijin_and_tribute,日本銀とメキシコ銀の流入が税の銀納化を可能にしたという世界史的な結びつきが、税制名の暗記に埋もれる,
,kc.mingqing.ming_fall_order,明の滅亡から清の支配確立までの順序,chronology,wh.3.4.1,2,中国,モンゴル高原,1616,1683,exact,1.4,kc.mingqing.ming_vs_qing_rule,李自成の乱による明の滅亡・呉三桂の先導での入関・三藩の乱・台湾平定という順序が崩れる,
,kc.mingqing.qing_territory_geo,清の最大版図と藩部,geo,wh.3.4.1,2,中国,モンゴル高原;中央アジア,1683,1759,exact,1.5,kc.mingqing.ming_fall_order,直轄領・藩部（モンゴル・青海・チベット・新疆）・朝貢国という三層の支配が地図上で区別できない,
,kc.mingqing.new_crops_population,明清期の人口増加を支えた要因,causal,wh.3.4.1,2,中国,ラテンアメリカ,1550,1800,century,1.3,kc.mingqing.tax_silver_reform,トウモロコシ・サツマイモという新大陸作物の伝来が、山地の開発と人口の急増につながる筋が見えない,
,kc.ottoman.expansion_order,オスマン帝国が拡大した順序,chronology,wh.3.4.2,2,アナトリア・シリア,東欧・ロシア;エジプト・北アフリカ,1299,1683,exact,1.6,,コソヴォ・ニコポリスの勝利、コンスタンティノープル陥落、モハーチの戦い、第1次ウィーン包囲、プレヴェザ、レパント、第2次ウィーン包囲の順序が崩れる,
,kc.ottoman.devshirme_and_timar,オスマン帝国の支配制度,fact,wh.3.4.2,2,アナトリア・シリア,東欧・ロシア,1400,1600,century,1.5,kc.ottoman.expansion_order,デヴシルメで集めた少年からイェニチェリを編成する仕組みと、ティマール制（軍事封土）が別々の話として覚えられる,
,kc.ottoman.millet_system,ミッレト制とジズヤの関係,distinction,wh.3.4.2,2,アナトリア・シリア,東欧・ロシア,1450,1800,century,1.4,kc.ottoman.devshirme_and_timar,異教徒共同体の自治を認めることと、その代償として人頭税を課すことが、寛容か抑圧かのどちらか一方に片づけられる,
,kc.ottoman.sunni_vs_shia_states,オスマン朝とサファヴィー朝の宗派の対立,distinction,wh.3.4.2,2,メソポタミア・イラン,アナトリア・シリア,1501,1736,exact,1.6,kc.islam.sunni_vs_shia_origin,サファヴィー朝がシーア派を国教としたことが、スンナ派のオスマン朝との対立軸になるという構図が抜ける,
,kc.ottoman.three_empires_geo,3イスラーム帝国の版図,geo,wh.3.4.2,2,アナトリア・シリア,メソポタミア・イラン;南アジア,1500,1700,century,1.5,kc.ottoman.sunni_vs_shia_states,オスマン（アナトリア・バルカン・アラブ）・サファヴィー（イラン）・ムガル（インド）の境界と首都が地図上で入れ替わる,
,kc.ottoman.mediterranean_decline,地中海商業圏の地位が下がった要因,causal,wh.3.4.2,2,アナトリア・シリア,南欧・地中海;西欧,1500,1600,century,1.3,kc.ottoman.expansion_order,オスマンによる東地中海の掌握と喜望峰航路の開拓が同時期に進んだという、東西からの要因の重なりが見えない,
,kc.mughal.emperor_order,ムガル帝国の皇帝と政策の順序,chronology,wh.3.4.3,2,南アジア,,1526,1707,exact,1.6,kc.islamize.delhi_sultanate_order,バーブル（建国）・アクバル（融和）・シャー=ジャハーン（タージ=マハル）・アウラングゼーブ（強硬）の順序と政策が入れ替わる,
,kc.mughal.akbar_vs_aurangzeb,アクバルとアウラングゼーブの宗教政策の違い,distinction,wh.3.4.3,2,南アジア,,1556,1707,exact,1.7,kc.mughal.emperor_order,ジズヤの廃止（アクバル）と復活（アウラングゼーブ）という対比が、帝国の統合と解体の分かれ目だという意味づけまで届かない,
,kc.mughal.mansabdar,マンサブダール制の内容,fact,wh.3.4.3,2,南アジア,,1571,1707,century,1.3,kc.mughal.emperor_order,位階に応じて騎兵の維持義務と給与地を与える制度であることが、イクター制やティマール制と区別されない,
,kc.mughal.decline_causes,ムガル帝国が解体した要因,causal,wh.3.4.3,2,南アジア,,1707,1764,exact,1.5,kc.mughal.akbar_vs_aurangzeb,宗教政策の転換によるマラーター・シクの離反と、地方太守の自立という2つの流れが並べられない,
,kc.mughal.indo_islamic_culture,インド=イスラーム文化の融合の表れ,distinction,wh.3.4.3,2,南アジア,,1526,1707,century,1.2,kc.mughal.emperor_order,ウルドゥー語・ムガル絵画・タージ=マハルが、ペルシアとインドのどの要素の融合なのかまで説明できない,
,kc.voyage.motives,ヨーロッパが海へ出た要因,causal,wh.3.5.1,2,南欧・地中海,西欧;アナトリア・シリア,1415,1498,exact,1.5,kc.ottoman.mediterranean_decline,香辛料への需要・オスマンによる陸路の圧迫・レコンキスタの延長という3つの動機が、「マルコ=ポーロの影響」だけに縮む,
,kc.voyage.two_routes_geo,ポルトガルとスペインの航路の違い,geo,wh.3.5.1,2,南欧・地中海,サハラ以南アフリカ;南アジア;ラテンアメリカ,1488,1522,exact,1.6,kc.voyage.motives,東回り（バルトロメウ=ディアス→ヴァスコ=ダ=ガマ）と西回り（コロンブス→マゼラン）の担い手と到達地が入れ替わる,
,kc.voyage.tordesillas,トルデシリャス条約の内容,fact,wh.3.5.1,2,南欧・地中海,ラテンアメリカ,1494,1529,exact,1.3,kc.voyage.two_routes_geo,教皇の裁定にもとづく分界線であることと、その結果ブラジルだけがポルトガル領になったという帰結が結びつかない,
,kc.voyage.commercial_revolution,商業革命と価格革命が起きた因果,causal,wh.3.5.1,2,西欧,ラテンアメリカ;南欧・地中海,1500,1600,century,1.6,kc.voyage.two_routes_geo,銀の大量流入による物価騰貴（価格革命）と、商業の中心が地中海から大西洋へ移ること（商業革命）が、別々の暗記項目になる,
,kc.voyage.east_india_companies,各国の東インド会社の違い,distinction,wh.3.5.1,2,西欧,東南アジア;南アジア,1600,1799,exact,1.4,kc.voyage.commercial_revolution,イギリス・オランダ・フランスの設立順と、アンボイナ事件を境に香辛料はオランダ・インドはイギリスと棲み分けが決まった経緯が崩れる,
,kc.voyage.gutsherrschaft,東欧で農場領主制が強まった因果,causal,wh.3.5.1,2,東欧・ロシア,西欧,1500,1700,century,1.4,kc.voyage.commercial_revolution,西欧で農奴が解放へ向かう一方、東欧で再版農奴制が強まるという逆方向の動きが、穀物輸出という関係から説明できない,
,kc.atlantic.three_civilizations,アステカ・インカ・マヤの違い,distinction,wh.3.5.2,2,ラテンアメリカ,,300,1533,century,1.4,,位置（メキシコ高原／アンデス／ユカタン半島）と特徴（暦と絵文字／キープと道路網）の対応が入れ替わる,
,kc.atlantic.conquest_order,アメリカ大陸征服の順序,chronology,wh.3.5.2,2,ラテンアメリカ,南欧・地中海,1492,1533,exact,1.3,kc.atlantic.three_civilizations,コロンブスの到達・コルテスによるアステカ征服・ピサロによるインカ征服の順序と担い手が混ざる,
,kc.atlantic.conquest_causes,少数の征服者が大帝国を倒せた要因,causal,wh.3.5.2,2,ラテンアメリカ,,1519,1533,exact,1.5,kc.atlantic.conquest_order,火器と馬だけで説明し、天然痘などの疫病による人口崩壊と、被支配部族の離反という要因を落とす,
,kc.atlantic.encomienda,エンコミエンダ制とアシエンダ制,fact,wh.3.5.2,2,ラテンアメリカ,,1503,1700,century,1.4,kc.atlantic.conquest_causes,先住民の保護と教化を条件とする委託（エンコミエンダ）から大農園経営（アシエンダ）へ移る前後関係と、ラス=カサスの批判の位置が崩れる,
,kc.atlantic.triangular_trade_geo,大西洋三角貿易の三辺,geo,wh.3.5.2,2,西欧,サハラ以南アフリカ;ラテンアメリカ;北アメリカ,1600,1800,century,1.6,kc.atlantic.encomienda,どの辺で何が運ばれたか（雑貨→奴隷→砂糖と綿花）が入れ替わり、リヴァプールやナントの位置も結びつかない,
,kc.atlantic.columbian_exchange,新旧大陸の作物と病原体の交換が生んだ影響,causal,wh.3.5.2,2,ラテンアメリカ,西欧;中国,1500,1800,century,1.5,kc.atlantic.triangular_trade_geo,作物・家畜・病原体が双方向に動いたと捉えられず、ジャガイモやトウモロコシがヨーロッパと中国の人口を支えた点まで届かない,
,kc.renaissance.why_italy,ルネサンスがイタリアで始まった要因,causal,wh.3.6.1,2,南欧・地中海,アナトリア・シリア,1300,1450,century,1.4,kc.crusade.two_trade_zones,東方貿易で蓄えた富とビザンツ滅亡による学者の流入という条件が、「古代ローマの遺産があったから」だけに縮む,
,kc.renaissance.humanism,人文主義とスコラ学の違い,distinction,wh.3.6.1,2,南欧・地中海,西欧,1350,1550,century,1.4,kc.medcult.realism_vs_nominalism,神中心から人間中心へという転換が、古典古代の原典に立ち返るという方法上の特徴と結びつかない,
,kc.renaissance.three_inventions,三大発明の改良と影響,fact,wh.3.6.1,2,西欧,中国,1450,1500,century,1.4,,火薬・羅針盤・活版印刷が中国起源であることと、それぞれ騎士の没落・大航海・宗教改革につながる点が対応しない,
,kc.renaissance.northern,各国のルネサンスの担い手,distinction,wh.3.6.1,2,西欧,南欧・地中海,1450,1600,century,1.3,kc.renaissance.humanism,エラスムス（ネーデルラント）・トマス=モア（イギリス）・ラブレー（フランス）・セルバンテス（スペイン）と作品の対応が崩れる,
,kc.renaissance.printing_effects,活版印刷が社会を変えた因果,causal,wh.3.6.1,2,西欧,,1450,1550,century,1.5,kc.renaissance.three_inventions,「情報が広まった」で止まり、聖書の各国語訳と宗教改革が急速に広がったことにつながる筋が抜ける,
,kc.reformation.luther_causes,ルターが教会を批判した理由,causal,wh.3.6.2,2,西欧,南欧・地中海,1517,1521,exact,1.6,kc.medcult.wyclif_and_hus,贖宥状の販売という直接の契機と、サン=ピエトロ大聖堂の改築費・ドイツの分裂という背景が結びつかない,
,kc.reformation.luther_vs_calvin,ルター派とカルヴァン派の違い,distinction,wh.3.6.2,2,西欧,,1517,1560,exact,1.7,kc.reformation.luther_causes,信仰義認と予定説の違い、支持層（諸侯／商工業者）の違い、蓄財を是認したかどうかが入れ替わる,
,kc.reformation.settlement_order,宗教改革が政治的に決着する順序,chronology,wh.3.6.2,2,西欧,,1521,1648,exact,1.5,kc.reformation.luther_vs_calvin,アウクスブルクの和議（諸侯が選ぶ・カルヴァン派は除外）とウェストファリア条約（カルヴァン派も承認）の内容の差が崩れる,
,kc.reformation.anglican,イギリス国教会の成立の特殊性,distinction,wh.3.6.2,2,西欧,,1534,1559,exact,1.5,kc.reformation.luther_vs_calvin,王の離婚問題が発端で、教義はカトリックに近いまま首長だけが替わったという性格が、大陸の改革と同一視される,
,kc.reformation.counter_reformation,対抗宗教改革が生んだもの,causal,wh.3.6.2,2,南欧・地中海,西欧;東南アジア;東アジア,1534,1563,exact,1.4,kc.reformation.luther_causes,トリエント公会議・イエズス会・禁書目録という対応と、イエズス会の海外布教が日本や中国にまで及んだことがつながらない,
,kc.reformation.wars_to_state,宗教戦争が主権国家を用意した因果,causal,wh.3.6.2,2,西欧,,1562,1648,exact,1.5,kc.reformation.settlement_order,ユグノー戦争・オランダ独立戦争・三十年戦争が、宗教対立から国家間の主権の争いへ変質していく流れとして見えない,
,kc.absolutism.sovereign_state,主権国家体制と中世の秩序の違い,distinction,wh.3.6.3,2,西欧,,1648,1700,exact,1.5,kc.reformation.wars_to_state,教皇と皇帝の普遍的権威が退いて対等な主権国家が並ぶという転換が、ウェストファリア条約の中身と結びつかない,
,kc.absolutism.machinery,絶対王政を支えた仕組み,fact,wh.3.6.3,2,西欧,,1600,1750,century,1.5,kc.absolutism.sovereign_state,常備軍・官僚制・王権神授説・重商主義という4本柱が、それぞれ独立した用語として散ってしまう,
,kc.absolutism.mercantilism_types,重商主義の2つの型,distinction,wh.3.6.3,2,南欧・地中海,西欧,1500,1700,century,1.4,kc.absolutism.machinery,重金主義（スペイン）と貿易差額主義（イギリス・フランス）の違いと、コルベールがどちらに立つかが混ざる,
,kc.absolutism.hegemony_order,ヨーロッパの覇権が移った順序,chronology,wh.3.6.3,2,南欧・地中海,西欧,1580,1763,exact,1.6,kc.absolutism.mercantilism_types,スペイン→オランダ→イギリスとフランスという覇権の移動が、無敵艦隊の敗北・英蘭戦争・七年戦争という節目と対応しない,
,kc.absolutism.english_revolution,イギリスで議会が王権に勝った因果,causal,wh.3.6.3,2,西欧,,1628,1689,exact,1.7,kc.absolutism.machinery,権利の請願・ピューリタン革命・王政復古・名誉革命・権利の章典という長い過程の、どこで何が確定したのかが崩れる,
,kc.absolutism.europe_1700_geo,18世紀初頭のヨーロッパ列強の版図,geo,wh.3.6.3,2,西欧,東欧・ロシア;南欧・地中海,1683,1721,exact,1.4,kc.absolutism.hegemony_order,プロイセンの成立・オーストリアの東方拡大・ロシアのバルト海進出が、同じ地図の上で位置づけられない,
,kc.industrial.why_britain,産業革命がイギリスで最初に起きた要因,causal,wh.4.1.1,2,西欧,南アジア;北アメリカ,1700,1760,century,1.7,,資本・労働力・資源・市場という条件が並列に暗記され、第2次囲い込みが労働力を生み植民地が市場になったという結びつきが抜ける,
,kc.industrial.textile_inventions,綿工業の技術革新の順序,chronology,wh.4.1.1,2,西欧,,1733,1785,exact,1.4,kc.industrial.why_britain,ジョン=ケイ・ハーグリーヴズ・アークライト・クロンプトン・カートライトと機械名の対応が崩れ、紡績と織布のどちらの工程かも入れ替わる,
,kc.industrial.steam_to_transport,蒸気機関が交通革命を生んだ因果,causal,wh.4.1.1,2,西欧,北アメリカ,1769,1830,exact,1.4,kc.industrial.textile_inventions,ワットの改良が動力源そのものの転換だったことと、スティーヴンソンの蒸気機関車・フルトンの蒸気船につながる筋が別々になる,
,kc.industrial.social_change,産業革命前後の社会構造の違い,distinction,wh.4.1.1,2,西欧,,1760,1850,century,1.5,kc.industrial.steam_to_transport,問屋制家内工業から工場制機械工業への転換が、資本家と労働者という新しい階級の登場と結びつかない,
,kc.industrial.regions_geo,イギリスの工業地帯の位置,geo,wh.4.1.1,2,西欧,,1760,1850,century,1.3,kc.industrial.textile_inventions,マンチェスター（綿）・バーミンガム（鉄）・リヴァプール（港）の役割分担と、石炭・鉄鉱の産地との関係が地図で結びつかない,
,kc.industrial.labour_to_socialism,労働問題から社会主義が生まれた因果,causal,wh.4.1.1,2,西欧,,1811,1848,exact,1.5,kc.industrial.social_change,ラダイト運動・工場法・チャーティスト運動・空想的社会主義・マルクスという流れが、時間軸の上で整理されない,
,kc.usrev.causes,本国との対立が深まった要因,causal,wh.4.1.2,2,北アメリカ,西欧,1763,1775,exact,1.5,,七年戦争の戦費負担が課税強化につながったことと、「代表なくして課税なし」という主張の中身が結びつかない,
,kc.usrev.war_order,独立戦争の経過,chronology,wh.4.1.2,2,北アメリカ,西欧,1773,1783,exact,1.4,kc.usrev.causes,ボストン茶会事件・大陸会議・独立宣言・ヨークタウンの戦い・パリ条約の順序と、フランスが参戦した時期が崩れる,
,kc.usrev.declaration_vs_constitution,独立宣言と合衆国憲法の性格の違い,distinction,wh.4.1.2,2,北アメリカ,,1776,1788,exact,1.5,kc.usrev.war_order,自然権と抵抗権を掲げた宣言と、連邦制・三権分立を定めた憲法の役割の違いが混ざり、奴隷制が残された点も落ちる,
,kc.usrev.world_impact,独立が世界に与えた影響,causal,wh.4.1.2,2,北アメリカ,西欧;ラテンアメリカ,1776,1810,exact,1.4,kc.usrev.declaration_vs_constitution,フランス革命とラテンアメリカ独立への波及が、思想の影響と本国の財政破綻という2つの経路に分けて説明できない,
,kc.usrev.foreign_support,独立を助けた外国の動き,fact,wh.4.1.2,2,北アメリカ,西欧;東欧・ロシア,1777,1783,exact,1.1,kc.usrev.war_order,義勇兵として戦ったラ=ファイエットやコシューシコと、武装中立同盟を提唱したエカチェリーナ2世の立場の違いが混ざる,
,kc.frrev.causes,フランス革命が起きた要因,causal,wh.4.1.3,2,西欧,北アメリカ,1774,1789,exact,1.7,kc.usrev.world_impact,身分制（アンシャン=レジーム）への不満と、アメリカ独立戦争への支援による財政破綻という2つの要因が並べられない,
,kc.frrev.stages_order,革命の段階と主導勢力の順序,chronology,wh.4.1.3,2,西欧,,1789,1799,exact,1.8,kc.frrev.causes,国民議会・立法議会・国民公会・総裁政府と、フイヤン派・ジロンド派・ジャコバン派の対応が最頻出の失点になる,
,kc.frrev.declaration_vs_code,人権宣言とナポレオン法典の違い,distinction,wh.4.1.3,2,西欧,,1789,1804,exact,1.5,kc.frrev.stages_order,理念を掲げた宣言と、私有財産の不可侵や法の前の平等を制度にした法典の役割の違いが、どちらも「革命の成果」で一括りにされる,
,kc.frrev.terror_causes,恐怖政治が生まれた因果,causal,wh.4.1.3,2,西欧,,1792,1794,exact,1.5,kc.frrev.stages_order,対外戦争と国内の反乱という二重の危機への対応だったという文脈が抜け、ロベスピエール個人の資質に帰される,
,kc.frrev.napoleonic_europe_geo,ナポレオン支配下のヨーロッパ,geo,wh.4.1.3,2,西欧,東欧・ロシア;南欧・地中海,1804,1812,exact,1.5,kc.frrev.declaration_vs_code,直接支配・従属国・同盟国という三層と、大陸封鎖令が及ぶ範囲が地図の上で区別できない,
,kc.frrev.napoleon_fall,ナポレオンが没落した要因,causal,wh.4.1.3,2,西欧,東欧・ロシア;南欧・地中海,1806,1815,exact,1.6,kc.frrev.napoleonic_europe_geo,大陸封鎖令の破綻・ロシア遠征の失敗・スペインやドイツで目覚めたナショナリズムという3つの要因が結びつかない,
,kc.vienna.principles,正統主義と勢力均衡の違い,distinction,wh.4.2.1,2,西欧,東欧・ロシア,1814,1815,exact,1.5,kc.frrev.napoleon_fall,革命前に戻すという原則（正統主義）と、大国の力を釣り合わせるという原則が、同じ「ウィーン体制」で一括りにされる,
,kc.vienna.map_1815_geo,ウィーン議定書後のヨーロッパの版図,geo,wh.4.2.1,2,西欧,東欧・ロシア;南欧・地中海,1815,1830,exact,1.4,kc.vienna.principles,ドイツ連邦の成立・オランダとベルギーの合併・ポーランド立憲王国・スイスの永世中立が地図の上で位置づけられない,
,kc.vienna.liberal_movements_order,自由主義運動が起きた順序,chronology,wh.4.2.1,2,西欧,南欧・地中海;ラテンアメリカ,1820,1848,exact,1.6,kc.vienna.principles,スペイン立憲革命・デカブリストの乱・ギリシア独立・七月革命・二月革命の順序と、そのうちどれが成功したかが崩れる,
,kc.vienna.1848_spread,二月革命がヨーロッパへ波及した因果,causal,wh.4.2.1,2,西欧,東欧・ロシア,1848,1849,exact,1.6,kc.vienna.liberal_movements_order,ウィーン三月革命でメッテルニヒが失脚しウィーン体制そのものが崩れる、という因果の中心が見えない,
,kc.vienna.latin_america,ラテンアメリカ諸国が独立できた要因,causal,wh.4.2.1,2,ラテンアメリカ,西欧;北アメリカ,1804,1826,exact,1.4,kc.usrev.world_impact,本国の弱体化・クリオーリョの主導・イギリスの支持とモンロー宣言という条件が、シモン=ボリバルらの名前の暗記に埋もれる,
,kc.vienna.british_reforms,イギリスの自由主義的改革の内容,distinction,wh.4.2.1,2,西欧,,1828,1846,exact,1.4,kc.vienna.liberal_movements_order,審査法廃止・カトリック解放法・第1回選挙法改正・奴隷制廃止・穀物法廃止の順序と、それぞれ誰の要求だったかが混ざる,
,kc.unification.italy_vs_germany,イタリア統一とドイツ統一の主導勢力の違い,distinction,wh.4.2.2,2,西欧,南欧・地中海,1859,1871,exact,1.6,kc.vienna.1848_spread,サルデーニャ王国（カヴール）とプロイセン（ビスマルク）という主導者の対比と、どちらも上からの統一だった点が整理されない,
,kc.unification.three_wars,ドイツ統一の3戦争の順序,chronology,wh.4.2.2,2,西欧,東欧・ロシア,1864,1871,exact,1.6,kc.unification.italy_vs_germany,デンマーク戦争・普墺戦争・普仏戦争の順序と、それぞれで何が決まったか（シュレスヴィヒ／北ドイツ連邦／帝国成立）が崩れる,
,kc.unification.garibaldi,ガリバルディの南部併合が統一を早めた因果,causal,wh.4.2.2,2,南欧・地中海,,1860,1861,exact,1.4,kc.unification.italy_vs_germany,千人隊による両シチリア王国の征服と、それをサルデーニャ王に献上したという選択の意味が抜ける,
,kc.unification.irredenta_geo,統一後に残った未回収の地,geo,wh.4.2.2,2,南欧・地中海,東欧・ロシア,1866,1919,exact,1.3,kc.unification.garibaldi,南チロルとトリエステの位置と、それが第一次世界大戦でイタリアが参戦する動機になるという関係が結びつかない,
,kc.unification.bismarck_system,ビスマルク外交がフランスを孤立させた因果,causal,wh.4.2.2,2,西欧,東欧・ロシア;南欧・地中海,1873,1890,exact,1.6,kc.unification.three_wars,三帝同盟・三国同盟・再保障条約という同盟網の目的が、フランスの孤立という一点にあることが見えない,
,kc.c19soc.us_expansion_order,アメリカの領土拡大の順序,chronology,wh.4.2.3,2,北アメリカ,西欧;ラテンアメリカ,1803,1867,exact,1.4,,ルイジアナ買収・フロリダ買収・テキサス併合・オレゴン併合・カリフォルニア獲得・アラスカ購入の順序と、相手国が崩れる,
,kc.c19soc.civil_war_causes,南北戦争が起きた要因,causal,wh.4.2.3,2,北アメリカ,,1820,1861,exact,1.6,kc.c19soc.us_expansion_order,奴隷制の是非だけで説明し、保護貿易か自由貿易かという経済的利害の対立を落とす,
,kc.c19soc.north_vs_south,北部と南部の経済構造の違い,distinction,wh.4.2.3,2,北アメリカ,西欧,1800,1865,century,1.5,kc.c19soc.civil_war_causes,商工業・保護関税・奴隷制反対（北部）と、綿花プランテーション・自由貿易・奴隷制維持（南部）の対応が入れ替わる,
,kc.c19soc.russian_reform,ロシアで農奴解放が行われた因果,causal,wh.4.2.3,2,東欧・ロシア,アナトリア・シリア,1853,1881,exact,1.5,,クリミア戦争の敗北が後進性を露わにしたという契機と、その後のナロードニキ運動・専制への回帰という流れがつながらない,
,kc.c19soc.science_and_thought,19世紀の科学と思想,fact,wh.4.2.3,2,西欧,,1830,1900,century,1.2,kc.industrial.labour_to_socialism,ダーウィン・パストゥール・メンデレーエフ・コントと分野の対応が崩れ、進化論が社会に転用された点も見落とされる,
,kc.c19soc.migration_geo,19世紀後半の移民の流れ,geo,wh.4.2.3,2,西欧,北アメリカ;ラテンアメリカ;東アジア,1840,1900,century,1.3,kc.c19soc.north_vs_south,アイルランド・ドイツから、のちに南欧東欧からアメリカへという時期差と、中国や日本から北米・南米へ渡った流れが地図で捉えられない,
,kc.westasia19.reform_order,オスマン帝国の改革の順序,chronology,wh.4.3.1,2,アナトリア・シリア,,1839,1908,exact,1.5,kc.ottoman.expansion_order,タンジマート・ミドハト憲法・その停止・青年トルコ革命の順序と、憲法が2度出てくる理由が崩れる,
,kc.westasia19.eastern_question,東方問題が列強の介入を招いた因果,causal,wh.4.3.1,2,アナトリア・シリア,東欧・ロシア;西欧,1821,1878,exact,1.6,kc.westasia19.reform_order,ロシアの南下とイギリスの対抗という構図が、ギリシア独立・エジプト=トルコ戦争・クリミア戦争・露土戦争を貫いていることが見えない,
,kc.westasia19.balkan_geo,バルカン半島の民族と国家の分布,geo,wh.4.3.1,2,東欧・ロシア,アナトリア・シリア,1878,1913,exact,1.5,kc.westasia19.eastern_question,ベルリン条約で独立した国とオーストリアが管理下に置いた地域の区別、さらにサライェヴォの位置が結びつかない,
,kc.westasia19.egypt_vs_iran,エジプトとイランの半植民地化の違い,distinction,wh.4.3.1,2,エジプト・北アフリカ,メソポタミア・イラン;西欧,1805,1907,exact,1.4,kc.westasia19.eastern_question,スエズ運河の株買収から保護国化へ進むエジプトと、利権譲渡とタバコ=ボイコット運動を経て英露に分割されるイランの経路の違いが混ざる,
,kc.westasia19.islamic_revival,ワッハーブ運動とパン=イスラーム主義の違い,causal,wh.4.3.1,2,アラビア半島,アナトリア・シリア,1744,1897,exact,1.2,kc.westasia19.reform_order,原点に戻ろうとする改革（ワッハーブ）と、列強に対抗するための連帯（アフガーニー）が、同じ「イスラーム復興」で混同される,
,kc.indiacol.conquest_order,イギリスがインドを支配する過程の順序,chronology,wh.4.3.2,2,南アジア,西欧,1757,1858,exact,1.6,kc.mughal.decline_causes,プラッシーの戦い・ベンガルの徴税権獲得・マイソール戦争・シク戦争・シパーヒーの反乱・直接統治という順序が崩れる,
,kc.indiacol.sepoy_mutiny,シパーヒーの反乱が体制を変えた因果,causal,wh.4.3.2,2,南アジア,西欧,1857,1877,exact,1.6,kc.indiacol.conquest_order,反乱の結果、東インド会社が解散しムガル皇帝が廃されて直接統治に変わるという3つの帰結が並べられない,
,kc.indiacol.zamindari_vs_ryotwari,地税制度の2つの型,distinction,wh.4.3.2,2,南アジア,,1793,1820,exact,1.4,kc.indiacol.conquest_order,ザミンダーリー制（領主に納税させる・ベンガル）とライヤットワーリー制（自作農から直接・南インド）の対応と地域が入れ替わる,
,kc.indiacol.deindustrialization,インドが原料供給地に変えられた因果,causal,wh.4.3.2,2,南アジア,西欧,1813,1900,century,1.5,kc.indiacol.zamindari_vs_ryotwari,イギリス綿製品の流入で在来の綿織物業が破壊され、代わりに綿花・藍・アヘンを作らされるという転換が見えない,
,kc.indiacol.congress_shift,インド国民会議の性格の変化,fact,wh.4.3.2,2,南アジア,,1885,1906,exact,1.4,kc.indiacol.sepoy_mutiny,当初は親英的な諮問機関だったものが、ベンガル分割令をきっかけに反英へ転じたという変化が抜ける,
,kc.qingfall.opium_war_causes,アヘン戦争が起きた要因,causal,wh.4.3.3,2,中国,西欧;南アジア,1793,1842,exact,1.7,kc.mingqing.qing_territory_geo,片貿易による銀の流出をアヘンで埋めるという三角貿易の構造が、林則徐の取り締まりという契機と結びつかない,
,kc.qingfall.unequal_treaties,不平等条約が積み重なる順序,chronology,wh.4.3.3,2,中国,西欧;東欧・ロシア,1842,1860,exact,1.6,kc.qingfall.opium_war_causes,南京条約・虎門寨追加条約・アロー戦争・天津条約・北京条約で何が加わったか（開港・領事裁判権・関税自主権の喪失・公使駐在）が崩れる,
,kc.qingfall.taiping,太平天国の乱が清を変質させた因果,causal,wh.4.3.3,2,中国,,1851,1864,exact,1.5,kc.qingfall.unequal_treaties,郷勇（湘軍・淮軍）による鎮圧が漢人官僚の台頭を招き、洋務運動につながるという流れが切れる,
,kc.qingfall.yangwu_vs_meiji,洋務運動と明治維新の違い,distinction,wh.4.3.3,2,中国,日本,1861,1895,exact,1.7,kc.qingfall.taiping,「中体西用」で技術だけを取り入れた清と、制度そのものを変えた日本の差が、日清戦争の結果と結びつかない,
,kc.qingfall.spheres_geo,列強の中国分割と勢力範囲,geo,wh.4.3.3,2,中国,西欧;東欧・ロシア;日本,1895,1900,exact,1.6,kc.qingfall.yangwu_vs_meiji,膠州湾（ドイツ）・旅順と大連（ロシア）・威海衛と九龍（イギリス）・広州湾（フランス）の対応と位置が入れ替わる,
,kc.qingfall.opening_chain,東アジアの開国が連鎖した因果,causal,wh.4.3.3,2,東アジア,中国;日本;朝鮮,1842,1876,exact,1.4,kc.qingfall.unequal_treaties,中国の敗北→日本の開国→日本による朝鮮の開国（江華島事件・日朝修好条規）という連鎖が、それぞれ別の事件として覚えられる,
,kc.imperialism.causes,帝国主義が生まれた要因,causal,wh.4.4.1,2,西欧,,1873,1900,exact,1.6,kc.industrial.labour_to_socialism,大不況による市場の必要・資本輸出・第2次産業革命という経済的条件が、「植民地を取り合った」という結果の記述に置き換わる,
,kc.imperialism.second_industrial,第1次産業革命と第2次産業革命の違い,distinction,wh.4.4.1,2,西欧,北アメリカ,1870,1900,century,1.5,kc.imperialism.causes,石炭・鉄・蒸気（第1次）と石油・電気・鋼鉄・化学（第2次）の対応と、主導国がイギリスからドイツ・アメリカへ移った点が抜ける,
,kc.imperialism.alliance_order,三国同盟と三国協商が固まる順序,chronology,wh.4.4.1,2,西欧,東欧・ロシア,1882,1907,exact,1.7,kc.unification.bismarck_system,ビスマルク失脚後に露仏同盟・英仏協商・英露協商と包囲網が組み上がる順序と、イギリスが光栄ある孤立を捨てた理由が崩れる,
,kc.imperialism.weltpolitik,ドイツの世界政策が対立を激化させた因果,causal,wh.4.4.1,2,西欧,アナトリア・シリア;サハラ以南アフリカ,1890,1911,exact,1.5,kc.imperialism.alliance_order,3B政策と海軍増強がイギリスの3C政策と衝突し、モロッコ事件を2度招くという筋が結びつかない,
,kc.imperialism.3b_3c_geo,3B政策と3C政策の経路,geo,wh.4.4.1,2,アナトリア・シリア,西欧;サハラ以南アフリカ;南アジア,1899,1914,exact,1.5,kc.imperialism.weltpolitik,ベルリン・ビザンティウム・バグダードと、カイロ・ケープタウン・カルカッタが、どこで交差するのかが地図で描けない,
,kc.imperialism.us_vs_russia,アメリカとロシアの膨張の方向の違い,distinction,wh.4.4.1,2,北アメリカ,東アジア;東欧・ロシア,1898,1905,exact,1.4,kc.imperialism.causes,米西戦争からフィリピン領有・門戸開放宣言へ進むアメリカと、シベリア鉄道から満洲へ南下するロシアの経路が混ざる,
,kc.partition.africa_order,アフリカ分割が進む順序,chronology,wh.4.4.2,2,サハラ以南アフリカ,西欧,1884,1912,exact,1.5,,ベルリン会議で先占の原則が決まり、その後にファショダ事件・南アフリカ戦争・モロッコ事件が続く順序が崩れる,
,kc.partition.longitudinal_geo,縦断政策と横断政策の経路,geo,wh.4.4.2,2,サハラ以南アフリカ,西欧;エジプト・北アフリカ,1881,1898,exact,1.7,kc.partition.africa_order,イギリスの縦断（カイロ－ケープタウン）とフランスの横断（サハラ－ジブチ）が、ファショダで交差するという構図が地図で描けない,
,kc.partition.two_independent,独立を保った2国,fact,wh.4.4.2,2,サハラ以南アフリカ,南欧・地中海;北アメリカ,1847,1912,exact,1.4,kc.partition.africa_order,エチオピア（アドワの戦いでイタリアを撃退）とリベリア（解放奴隷の入植地）という、独立を保てた理由の違いが抜ける,
,kc.partition.boer_war,南アフリカ戦争が起きた要因,causal,wh.4.4.2,2,サハラ以南アフリカ,西欧,1899,1902,exact,1.4,kc.partition.longitudinal_geo,ダイヤモンドと金の鉱脈の発見が、ブール人の共和国を併合する動機になったという経済的な筋が抜ける,
,kc.partition.pacific_geo,太平洋地域の分割,geo,wh.4.4.2,2,東南アジア,北アメリカ;西欧,1840,1902,exact,1.3,kc.partition.africa_order,オーストラリアとニュージーランド（イギリス）、フィリピン・ハワイ・グアム（アメリカ）、ニューギニア（ドイツとオランダ）の対応が入れ替わる,
,kc.partition.sea_colonies,東南アジアの植民地化の型の違い,distinction,wh.4.4.2,2,東南アジア,西欧,1830,1900,exact,1.5,kc.partition.pacific_geo,オランダの強制栽培制度・イギリスの海峡植民地・フランス領インドシナ・アメリカのフィリピンと、タイだけが独立を保てた理由が整理されない,
,kc.asianation.boxer,義和団事件が清の運命を決めた因果,causal,wh.4.4.3,2,中国,西欧;日本;東欧・ロシア,1899,1901,exact,1.5,kc.qingfall.spheres_geo,排外運動に清朝が便乗して敗れ、北京議定書で巨額の賠償と外国軍の駐留を認めた結果、王朝の権威が失われるという筋が抜ける,
,kc.asianation.xinhai_order,辛亥革命に至る順序,chronology,wh.4.4.3,2,中国,日本,1894,1912,exact,1.6,kc.asianation.boxer,興中会・中国同盟会・光緒新政・四川暴動・武昌蜂起・中華民国成立・袁世凱の大総統就任という順序が崩れる,
,kc.asianation.leaders,各国の民族運動の担い手の違い,distinction,wh.4.4.3,2,南アジア,東南アジア;アナトリア・シリア,1885,1908,exact,1.4,kc.indiacol.congress_shift,インド国民会議（英語教育を受けた知識人）・ベトナムのファン=ボイ=チャウ（東遊運動）・青年トルコ人（軍人）という担い手の性格の違いが混ざる,
,kc.asianation.russo_japanese_impact,日露戦争がアジアに与えた影響,causal,wh.4.4.3,2,東アジア,南アジア;アナトリア・シリア;メソポタミア・イラン,1905,1911,exact,1.5,kc.asianation.leaders,アジアの一国が列強に勝ったという事実が、イラン立憲革命・青年トルコ革命・インドの反英運動を刺激したという波及が見えない,
,kc.asianation.three_principles,三民主義の内容,fact,wh.4.4.3,2,中国,,1905,1912,exact,1.3,kc.asianation.xinhai_order,民族・民権・民生という3本柱の中身（清朝打倒／共和政の樹立／土地問題の解決）が対応しない,
,kc.ww1.causes,第一次世界大戦が起きた要因,causal,wh.4.5.1,3,東欧・ロシア,西欧;アナトリア・シリア,1908,1914,exact,1.7,kc.imperialism.alliance_order,サライェヴォ事件という引き金と、バルカンをめぐるパン=スラヴ主義とパン=ゲルマン主義の対立という構造が、原因として区別されない,
,kc.ww1.total_war,従来の戦争と総力戦の違い,distinction,wh.4.5.1,3,西欧,,1914,1918,exact,1.7,kc.ww1.causes,塹壕戦の長期化が国民経済と社会全体の動員を必要としたことと、その結果として女性の社会進出や植民地の動員が起きた点が結びつかない,
,kc.ww1.turning_points,大戦の転機の順序,chronology,wh.4.5.1,3,西欧,東欧・ロシア;北アメリカ,1914,1918,exact,1.5,kc.ww1.total_war,マルヌの戦い・イタリアの離反・無制限潜水艦作戦・アメリカ参戦・ロシアの単独講和という転機の順序が崩れる,
,kc.ww1.british_promises,イギリスの三枚舌外交,fact,wh.4.5.1,3,アナトリア・シリア,アラビア半島;西欧,1915,1917,exact,1.6,kc.ww1.turning_points,フセイン=マクマホン協定・サイクス=ピコ協定・バルフォア宣言の相手と内容が入れ替わり、パレスチナ問題の起点だという意味も落ちる,
,kc.ww1.fronts_geo,大戦の戦線の位置,geo,wh.4.5.1,3,西欧,東欧・ロシア;アナトリア・シリア,1914,1918,exact,1.3,kc.ww1.turning_points,西部戦線（塹壕で膠着）と東部戦線（大きく動く）の性格の違いと、ガリポリやバルカン戦線の位置が結びつかない,
,kc.ww1.empires_collapse,大戦が帝国を解体させた因果,causal,wh.4.5.1,3,東欧・ロシア,アナトリア・シリア;西欧,1917,1922,exact,1.6,kc.ww1.turning_points,ロシア・ドイツ・オーストリア=ハンガリー・オスマンの4帝国が同時に消えたことと、民族自決の原則が結びつかない,
,kc.rusrev.two_revolutions,二月革命から十月革命までの順序,chronology,wh.4.5.2,3,東欧・ロシア,,1917,1918,exact,1.7,kc.ww1.turning_points,二月革命で臨時政府とソヴィエトの二重権力が生まれ、四月テーゼを経て十月革命に至るという段階が一つに潰れる,
,kc.rusrev.bolshevik_causes,ボリシェヴィキが権力を握れた要因,causal,wh.4.5.2,3,東欧・ロシア,,1917,1917,exact,1.6,kc.rusrev.two_revolutions,「平和・土地・パン」という要求が、戦争継続を選んだ臨時政府への不満と噛み合ったという構図が抜ける,
,kc.rusrev.war_communism_vs_nep,戦時共産主義とネップの違い,distinction,wh.4.5.2,3,東欧・ロシア,,1918,1928,exact,1.6,kc.rusrev.bolshevik_causes,強制的な穀物徴発と、小規模な私営や余剰の販売を認める緩和策という方向の違いが、どちらも「社会主義建設」で一括りにされる,
,kc.rusrev.intervention,諸外国の干渉が革命政権を固めた因果,causal,wh.4.5.2,3,東欧・ロシア,西欧;日本;北アメリカ,1918,1922,exact,1.4,kc.rusrev.bolshevik_causes,対ソ干渉戦争と内戦への対応が赤軍と秘密警察の強化を招き、一党支配が固まるという逆説が見えない,
,kc.rusrev.ussr_and_comintern,ソ連の成立とコミンテルン,fact,wh.4.5.2,3,東欧・ロシア,西欧;東アジア,1919,1922,exact,1.3,kc.rusrev.intervention,世界革命を担う組織（コミンテルン）と連邦国家ソ連の成立が同時期であることと、それが各国共産党の設立につながる点が抜ける,
,kc.versailles.two_systems,ヴェルサイユ体制とワシントン体制の違い,distinction,wh.4.5.3,3,西欧,北アメリカ;東アジア,1919,1922,exact,1.6,kc.ww1.empires_collapse,ヨーロッパの戦後処理（ヴェルサイユ）とアジア太平洋の秩序（ワシントン）が別の体制であることと、日本がどちらでも制約を受けた点が混ざる,
,kc.versailles.german_terms,ヴェルサイユ条約がドイツに課したもの,fact,wh.4.5.3,3,西欧,,1919,1921,exact,1.6,kc.versailles.two_systems,全植民地の放棄・アルザス=ロレーヌの返還・軍備制限・巨額の賠償金という4点が並べられず、のちのナチス台頭との因果も切れる,
,kc.versailles.league_weakness,国際連盟が機能しなかった要因,causal,wh.4.5.3,3,西欧,北アメリカ,1920,1935,exact,1.6,kc.versailles.two_systems,アメリカの不参加・ソ連とドイツの排除・全会一致制・軍事的制裁手段の欠如という4つの弱点が挙げられない,
,kc.versailles.new_states_geo,大戦後の東欧に生まれた国,geo,wh.4.5.3,3,東欧・ロシア,西欧,1918,1920,exact,1.5,kc.versailles.two_systems,ポーランド・チェコスロヴァキア・ハンガリー・ユーゴスラヴィア・バルト三国の位置と、民族自決が適用されなかった地域が地図で区別できない,
,kc.versailles.mandate_system,委任統治がアラブの不信を生んだ因果,causal,wh.4.5.3,3,アナトリア・シリア,アラビア半島;西欧,1920,1932,exact,1.4,kc.ww1.british_promises,独立の約束が委任統治という形の支配に置き換わったことが、現在まで続く中東問題の起点だという意味づけが抜ける,
,kc.versailles.cooperation_order,1920年代の国際協調の順序,chronology,wh.4.5.3,3,西欧,北アメリカ,1924,1929,exact,1.4,kc.versailles.league_weakness,ドーズ案・ロカルノ条約・不戦条約・ヤング案の順序と、それぞれが何を解決しようとしたのかが崩れる,
,kc.depression.spread,世界恐慌が世界へ広がった因果,causal,wh.4.6.1,3,北アメリカ,西欧;東アジア,1929,1933,exact,1.7,kc.versailles.cooperation_order,アメリカの資本引き揚げがドイツの賠償支払いを止め、ヨーロッパ全体へ連鎖するという経路が見えない,
,kc.depression.responses,各国の恐慌対策の違い,distinction,wh.4.6.1,3,北アメリカ,西欧;東アジア,1932,1936,exact,1.7,kc.depression.spread,ニューディール（アメリカ）・ブロック経済（イギリスとフランス）・侵略による解決（ドイツ・イタリア・日本）という3つの型に整理されない,
,kc.depression.fascism_causes,ファシズムが支持された要因,causal,wh.4.6.1,3,西欧,南欧・地中海,1922,1933,exact,1.7,kc.depression.responses,中間層の没落と共産主義への恐怖という社会的条件が、「独裁者が現れた」という人物中心の説明に置き換わる,
,kc.depression.italy_vs_germany,イタリアとドイツのファシズムの違い,distinction,wh.4.6.1,3,南欧・地中海,西欧,1922,1939,exact,1.4,kc.depression.fascism_causes,成立の時期と経緯（ローマ進軍／合法的な政権獲得と全権委任法）の違いが混ざる,
,kc.depression.german_revision,ドイツが条約を破棄していく順序,chronology,wh.4.6.1,3,西欧,東欧・ロシア,1933,1939,exact,1.6,kc.depression.italy_vs_germany,国際連盟脱退・再軍備宣言・ラインラント進駐・オーストリア併合・ミュンヘン会談・独ソ不可侵条約の順序が崩れる,
,kc.depression.appeasement,宥和政策がとられた因果,causal,wh.4.6.1,3,西欧,東欧・ロシア,1935,1939,exact,1.5,kc.depression.german_revision,大戦の記憶と共産主義への警戒という動機が抜け、単に「イギリスとフランスが弱腰だった」で片づけられる,
,kc.ww2.turning_points,戦争の拡大と転機の順序,chronology,wh.4.6.2,3,西欧,東欧・ロシア;北アメリカ;東アジア,1939,1945,exact,1.7,kc.depression.german_revision,ポーランド侵攻・独ソ戦・真珠湾・ミッドウェー・スターリングラード・ノルマンディーという転機の順序と、どの戦線の話かが崩れる,
,kc.ww2.axis_vs_allies,枢軸国と連合国の性格の違い,distinction,wh.4.6.2,3,西欧,北アメリカ;東欧・ロシア;東アジア,1940,1945,exact,1.4,kc.ww2.turning_points,反共を掲げた枢軸国に対し、連合国が資本主義と社会主義の連合だったという組み合わせの特異さが見えない,
,kc.ww2.axis_extent_geo,枢軸国の最大勢力圏,geo,wh.4.6.2,3,西欧,東欧・ロシア;サハラ以南アフリカ;東南アジア,1942,1942,exact,1.5,kc.ww2.turning_points,ドイツがどこまで進んだか（北アフリカ・スターリングラード）と、日本の南方進出の範囲が同じ地図の上に置けない,
,kc.ww2.eastern_front,独ソ戦が戦局を決めた因果,causal,wh.4.6.2,3,東欧・ロシア,西欧,1941,1945,exact,1.5,kc.ww2.axis_extent_geo,ドイツの主力が東部戦線に拘束されたことが、西側の反攻を可能にしたという関係が抜ける,
,kc.ww2.conferences,戦後構想を決めた会談,fact,wh.4.6.2,3,東欧・ロシア,北アメリカ;西欧,1941,1945,exact,1.6,kc.ww2.turning_points,大西洋憲章・カイロ・テヘラン・ヤルタ・ポツダムの参加者と決定事項の対応が崩れる,
,kc.ww2.holocaust,ホロコーストに至る段階,causal,wh.4.6.2,3,西欧,東欧・ロシア,1935,1945,exact,1.5,kc.ww2.axis_vs_allies,ニュルンベルク法から強制収容所へ至る段階的な過程が抜け、戦争の副産物として扱われてしまう,
