approve,id,channel_id,channel_title,title,description,duration_sec,published_at,embeddable,yt_rating,note
○,DZaSr9KVCR8,UCcj-cHmS0uD91MLjtdiN89Q,映像授業 Try IT（トライイット）,【世界史】 古代オリエント１ メソポタミア （18分）,,1080,,true,,所要時間は題名の表記（例「（１８分）」）から。秒単位は未確認
○,mKsMgbGtToQ,UCcj-cHmS0uD91MLjtdiN89Q,映像授業 Try IT（トライイット）,【世界史】 古代オリエント２ エジプト （18分）,,1080,,true,,所要時間は題名の表記（例「（１８分）」）から。秒単位は未確認
○,-W_jXJ5T8hE,UCcj-cHmS0uD91MLjtdiN89Q,映像授業 Try IT（トライイット）,【世界史】 古代オリエント３ 文化 （17分）,,1020,,true,,所要時間は題名の表記（例「（１８分）」）から。秒単位は未確認
○,eJswYizWw8U,UCcj-cHmS0uD91MLjtdiN89Q,映像授業 Try IT（トライイット）,【世界史】 古代オリエント５ オリエントの統一 （18分）,,1080,,true,,所要時間は題名の表記（例「（１８分）」）から。秒単位は未確認
○,7tK4vuo9avM,UCcj-cHmS0uD91MLjtdiN89Q,映像授業 Try IT（トライイット）,【世界史】 ギリシア世界０ ガイダンス （7分）,,420,,true,,所要時間は題名の表記（例「（１８分）」）から。秒単位は未確認
○,8Vks-mjABOw,UCcj-cHmS0uD91MLjtdiN89Q,映像授業 Try IT（トライイット）,【世界史】 ギリシア世界１ エーゲ文明 （18分）,,1080,,true,,所要時間は題名の表記（例「（１８分）」）から。秒単位は未確認
○,Dn7eRxf0Mr0,UCcj-cHmS0uD91MLjtdiN89Q,映像授業 Try IT（トライイット）,【世界史】 ギリシア世界２ アテネとスパルタ （17分）,,1020,,true,,所要時間は題名の表記（例「（１８分）」）から。秒単位は未確認
○,XGEyLWHoHV4,UCcj-cHmS0uD91MLjtdiN89Q,映像授業 Try IT（トライイット）,【世界史】 ギリシア世界６ ギリシア文化② （16分）,,960,,true,,所要時間は題名の表記（例「（１８分）」）から。秒単位は未確認
○,q-P5HeHb7fI,UCcj-cHmS0uD91MLjtdiN89Q,映像授業 Try IT（トライイット）,【世界史】 ローマ世界１ 共和政の確立 （20分）,,1200,,true,,所要時間は題名の表記（例「（１８分）」）から。秒単位は未確認
○,90oS782rUTc,UCcj-cHmS0uD91MLjtdiN89Q,映像授業 Try IT（トライイット）,【世界史】 ローマ世界３ ローマ帝国 （18分）,,1080,,true,,所要時間は題名の表記（例「（１８分）」）から。秒単位は未確認
○,WtgixU5o3WI,UCcj-cHmS0uD91MLjtdiN89Q,映像授業 Try IT（トライイット）,【世界史】 古代中国（秦・漢）１ 古代文明 （17分）,,1020,,true,,所要時間は題名の表記（例「（１８分）」）から。秒単位は未確認
○,lSYfNHMtwL0,UCcj-cHmS0uD91MLjtdiN89Q,映像授業 Try IT（トライイット）,【世界史】 古代中国（秦・漢）２ 春秋戦国時代 （17分）,,1020,,true,,所要時間は題名の表記（例「（１８分）」）から。秒単位は未確認
○,TWWDdydovSk,UCcj-cHmS0uD91MLjtdiN89Q,映像授業 Try IT（トライイット）,【世界史】 古代中国（秦・漢）３ 秦の統一 （17分）,,1020,,true,,所要時間は題名の表記（例「（１８分）」）から。秒単位は未確認
○,KYas8kZOv3Y,UCcj-cHmS0uD91MLjtdiN89Q,映像授業 Try IT（トライイット）,【世界史】 古代中国（秦・漢）４ 前漢の時代 （19分）,,1140,,true,,所要時間は題名の表記（例「（１８分）」）から。秒単位は未確認
○,thcGz6o0egQ,UCcj-cHmS0uD91MLjtdiN89Q,映像授業 Try IT（トライイット）,【世界史】 古代中国（秦・漢）５ 後漢の時代 （20分）,,1200,,true,,所要時間は題名の表記（例「（１８分）」）から。秒単位は未確認
○,_2Yx0ZG9xfU,UCcj-cHmS0uD91MLjtdiN89Q,映像授業 Try IT（トライイット）,【世界史】 イスラーム世界１ ムハンマド時代 （18分）,,1080,,true,,所要時間は題名の表記（例「（１８分）」）から。秒単位は未確認
○,ojd2bp42Xmo,UCcj-cHmS0uD91MLjtdiN89Q,映像授業 Try IT（トライイット）,【世界史】 イスラーム世界２ イスラーム帝国 （20分）,,1200,,true,,所要時間は題名の表記（例「（１８分）」）から。秒単位は未確認
○,IGiWjrV5qOA,UCcj-cHmS0uD91MLjtdiN89Q,映像授業 Try IT（トライイット）,【世界史】 中世西欧の成立４ 封建社会の成立 （19分）,,1140,,true,,所要時間は題名の表記（例「（１８分）」）から。秒単位は未確認
○,__8fyVDRwiA,UCcj-cHmS0uD91MLjtdiN89Q,映像授業 Try IT（トライイット）,【世界史】 中世西欧の展開５ 封建社会の崩壊 （19分）,,1140,,true,,所要時間は題名の表記（例「（１８分）」）から。秒単位は未確認
○,nn5tW4zhfe0,UCcj-cHmS0uD91MLjtdiN89Q,映像授業 Try IT（トライイット）,【世界史】 大航海時代１ ルネサンスの始まり （14分）,,840,,true,,所要時間は題名の表記（例「（１８分）」）から。秒単位は未確認
○,slK8dkezyYc,UCcj-cHmS0uD91MLjtdiN89Q,映像授業 Try IT（トライイット）,【世界史】 大航海時代２ イタリア＝ルネサンス （13分）,,780,,true,,所要時間は題名の表記（例「（１８分）」）から。秒単位は未確認
○,Gc3oMuvu8ZQ,UCcj-cHmS0uD91MLjtdiN89Q,映像授業 Try IT（トライイット）,【世界史】 大航海時代３ 北方ルネサンス （17分）,,1020,,true,,所要時間は題名の表記（例「（１８分）」）から。秒単位は未確認
○,y-0SBaEzpU4,UCcj-cHmS0uD91MLjtdiN89Q,映像授業 Try IT（トライイット）,【世界史】 大航海時代４ 大航海時代の幕開け （16分）,,960,,true,,所要時間は題名の表記（例「（１８分）」）から。秒単位は未確認
○,GuvHg9j0JhQ,UCcj-cHmS0uD91MLjtdiN89Q,映像授業 Try IT（トライイット）,【世界史】 宗教改革１ ドイツ宗教改革の始まり （19分）,,1140,,true,,所要時間は題名の表記（例「（１８分）」）から。秒単位は未確認
○,qe3WU6ptW1Y,UCcj-cHmS0uD91MLjtdiN89Q,映像授業 Try IT（トライイット）,【世界史】 宗教改革６ 確認テスト① （10分）,,600,,true,,所要時間は題名の表記（例「（１８分）」）から。秒単位は未確認
○,NYqYDndUmF0,UCcj-cHmS0uD91MLjtdiN89Q,映像授業 Try IT（トライイット）,【世界史】 イギリス市民革命４ 産業革命 （11分）,,660,,true,,所要時間は題名の表記（例「（１８分）」）から。秒単位は未確認
○,gQjoAQK1hpc,UCcj-cHmS0uD91MLjtdiN89Q,映像授業 Try IT（トライイット）,【世界史】 イギリス市民革命５ 産業革命の影響 （17分）,,1020,,true,,所要時間は題名の表記（例「（１８分）」）から。秒単位は未確認
○,eiacQ80QmGU,UCcj-cHmS0uD91MLjtdiN89Q,映像授業 Try IT（トライイット）,【世界史】 フランス革命０ ガイダンス （10分）,,600,,true,,所要時間は題名の表記（例「（１８分）」）から。秒単位は未確認
○,XFCFAE4Zra4,UCcj-cHmS0uD91MLjtdiN89Q,映像授業 Try IT（トライイット）,【世界史】 フランス革命１ 革命の勃発 （19分）,,1140,,true,,所要時間は題名の表記（例「（１８分）」）から。秒単位は未確認
○,lgB7c7L1p3g,UCcj-cHmS0uD91MLjtdiN89Q,映像授業 Try IT（トライイット）,【世界史】 フランス革命４ ナポレオン時代の開始 （14分）,,840,,true,,所要時間は題名の表記（例「（１８分）」）から。秒単位は未確認
○,2sSvXI3cvg4,UCcj-cHmS0uD91MLjtdiN89Q,映像授業 Try IT（トライイット）,【世界史】 フランス革命５ ナポレオン時代の終焉 （14分）,,840,,true,,所要時間は題名の表記（例「（１８分）」）から。秒単位は未確認
○,V0IrRYbjYGE,UCcj-cHmS0uD91MLjtdiN89Q,映像授業 Try IT（トライイット）,【世界史】 帝国主義の時代０ ガイダンス （11分）,,660,,true,,所要時間は題名の表記（例「（１８分）」）から。秒単位は未確認
○,WYfOwFm36eE,UCcj-cHmS0uD91MLjtdiN89Q,映像授業 Try IT（トライイット）,【世界史】 第一次世界大戦０ ガイダンス （7分）,,420,,true,,所要時間は題名の表記（例「（１８分）」）から。秒単位は未確認
○,Pe2sMV9YfJs,UCcj-cHmS0uD91MLjtdiN89Q,映像授業 Try IT（トライイット）,【世界史】 第一次世界大戦１ ２０世紀初頭の情勢 （22分）,,1320,,true,,所要時間は題名の表記（例「（１８分）」）から。秒単位は未確認
○,fhcuGhsbVw0,UCcj-cHmS0uD91MLjtdiN89Q,映像授業 Try IT（トライイット）,【世界史】 第一次世界大戦２ 大戦の勃発 （15分）,,900,,true,,所要時間は題名の表記（例「（１８分）」）から。秒単位は未確認
○,VqOnt0EEjUA,UCcj-cHmS0uD91MLjtdiN89Q,映像授業 Try IT（トライイット）,【世界史】 第一次世界大戦３ 大戦の戦局 （20分）,,1200,,true,,所要時間は題名の表記（例「（１８分）」）から。秒単位は未確認
○,8CD01Xrs4l8,UCcj-cHmS0uD91MLjtdiN89Q,映像授業 Try IT（トライイット）,【世界史】 第二次世界大戦４ 日本支配への抵抗 （19分）,,1140,,true,,所要時間は題名の表記（例「（１８分）」）から。秒単位は未確認
○,Ri-NJkIi2w0,UCcj-cHmS0uD91MLjtdiN89Q,映像授業 Try IT（トライイット）,【世界史】 冷戦の時代１ 第二次世界大戦後の欧州 （15分）,,900,,true,,所要時間は題名の表記（例「（１８分）」）から。秒単位は未確認
○,Vut73bew4Nk,UCcj-cHmS0uD91MLjtdiN89Q,映像授業 Try IT（トライイット）,【世界史】 冷戦の時代２ 冷戦の始まり （14分）,,840,,true,,所要時間は題名の表記（例「（１８分）」）から。秒単位は未確認
